lat,lon,country,title
55.30942812990007,12.526018589382318,"Denmark","Forsvarsministeriet og Grønlands regering bekræfter: Øger militær tilstedeværelse"
55.18986586096618,11.860133266006057,"Denmark","Boligminister kalder Siddiques boligsag for skandale"
56.027274489770164,12.834840163954084,"Denmark","Erfaren folketingspolitiker får alligevel en formandspost"
55.57096891844554,13.346902720902984,"Denmark","Kampvalg i ny bestyrelse i Blue Kolding: Forbrugernes repræsentant fik ikke et ben til jorden"
55.3472412791037,11.777390707518153,"Denmark","Ny skoleformand om grov voldssag fra folkeskole: - Det er en sag med rigtig mange følelser"
55.653958063206304,12.653652239832217,"Denmark","Statsministeren har udskrevet Skolevalg 2026"
38.713328890147764,-76.99142593551315,"USA","Official says law Trump is using to seek legal fees in Georgia election case likely unconstitutional"
38.88382486752615,-76.55443641820204,"USA","Trump claims killing of Iran protesters 'has stopped' even as Tehran signals executions ahead"
39.224439624602155,-76.73807346070498,"USA","Iran officials deny detained shopkeeper Erfan Soltani facing execution"
38.96454027386063,-77.44041413684796,"USA","ICE officer shoots man in leg in Minneapolis after shovel attack, officials say"
55.08657375842819,13.46372194820644,"Denmark","In war powers vote on Venezuela, Senate offers rare rebuke of Trump"
38.86057670992625,-77.23890381572163,"USA","24 members of Congress are 80 or older. More than half are running for re-election."
38.92673211608464,-76.48499584760448,"USA","Trump would want military action in Iran to be swift and decisive, sources say"
38.437218571299084,-76.64599537039872,"USA","Why Trump's Venezuela raid may not stop China's influence in South America"
39.5201296390981,-77.07305076920483,"USA","Trump's Gaza peace plan enters second phase"
39.89394805321021,-76.83294893286109,"USA","U.S. evacuating troops from air base in Qatar ahead of possible Iran military action"
38.28787682737471,-77.42498666359464,"USA","Trump announces 25% tariff on countries doing business with Iran amid deadly protest crackdown"
52.05378479209733,0.36679856440754743,"UK","Trump told 'killing has stopped' in Iran after violent protest crackdown"
50.8977609480978,0.6630861522568366,"UK","Denmark warns of 'fundamental disagreement' after White House talks on Greenland"
51.63730151826325,-0.1292945288555939,"UK","US and UK pulling some personnel from Qatar military base"
50.70400549729953,-0.8191792425503116,"UK","Key questions for FBI investigators to unpick in Minneapolis shooting"
50.643330388042656,0.7853024590950136,"UK","Senate backs Donald Trump in Venezuela resolution as Vance casts tie-breaking vote – as it happened"
52.33306767756523,-0.09774850010765113,"UK","US Senate kills resolution that would have limited Trump action in Venezuela"
52.05606787173229,0.13979705999033054,"UK","Prop 50: appeals court rejects Republican bid to block California maps"
55.23010083412616,13.53538665838571,"Denmark","How Colombia’s President Reached an Uneasy Détente with Donald Trump"
39.485500828025266,-76.81381403969851,"USA","Contributor: A Senate war powers resolution on Venezuela actually could curb Trump"
38.436673563254374,-76.22056960345205,"USA","Rep. Julia Brownley announces she will not seek reelection"
38.16174725389173,-77.02867004358612,"USA","GOP senators break with Trump to rein in use of military without Congress&#x27; approval"
38.241839919982084,-77.69671884896123,"USA","TALARICO, AUCHINCLOSS: Trump’s blood for oil strategy is as reckless as it is illegal"
38.69651150645027,-77.02575143531175,"USA","Armed Kurdish fighters try to breach Iran border as regional threat grows amid protests: reports"
38.246075006217445,-76.97205424661234,"USA","Sen. Kelly defends lawsuit against Secretary Hegseth in Senate speech"
38.9951576613013,-77.46138569192195,"USA","Senate blocks measure to restrict Venezuela strikes after Trump flips two Republicans"
39.18546580838668,-76.42798447056164,"USA","Top Iranian official downplays death toll, blames &apos;Israeli plot&apos; as US considers strikes"
38.17848465133123,-77.40044389364755,"USA","Trump told Iran has halted killings amid mounting protest pressure"
39.509758791008764,-77.29632911838787,"USA","Cyberattack in Venezuela Demonstrated Precision of U.S. Capabilities"
39.85023355690137,-77.91686642135898,"USA","The U.S. Is Pressing Mexico to Allow U.S. Forces to Fight Cartels"
37.91783822865186,-76.88973368170278,"USA","After Danish and U.S. Officials Meet on Greenland, Trump Remains Unmoved"
38.69726027650667,-77.27307690851833,"USA","Senate Republicans Block Effort to Check Trump’s War Powers in Venezuela"
39.83293880233473,-76.76607965179635,"USA","Supreme Court Sides With Conservative Congressman in Illinois Election Rules Challenge"
38.39400077328794,-77.6980520347342,"USA","Trump Says Iran Is Stopping Its Killings of Protesters as U.S. Moves Troops"
37.993410520856024,-76.05488545708627,"USA","Supreme Court Backs Police Entry Without Warrant in Emergencies"
54.89442411711403,11.697506722901064,"Denmark","2026 congressional midterm calendar: When each state is voting"
55.38116408413615,12.730761801054577,"Denmark","GOP hawks show contrast with Trump on European allies"
55.59652958885551,11.97712185751138,"Denmark","Iran remains thorn for Trump as he mulls new military strikes"
56.28267842971722,11.81523160453742,"Denmark","Senate Republicans flip votes to quash Venezuela war powers resolution"
55.75165440490916,13.415911139676396,"Denmark","Maryland Democratic Gov. Wes Moore pushes the case for redrawing the state's congressional map"
54.69561174222493,13.424588747818026,"Denmark","Supreme Court revives GOP congressman's challenge to late-arriving mail ballot law"
56.34155438888059,11.633284443543392,"Denmark","Trump calls anything less than Greenland ownership 'unacceptable'"
56.183086116925864,11.986167495044784,"Denmark","The Case for Civil Unrest"
56.52406957667739,36.74252661134482,"Russia","Report: ICE Officer Who Fatally Shot Woman In Minneapolis Suffered Internal Bleeding"
55.7912112398577,36.78691198297963,"Russia","Report: U.S. Military Intervention in Iran Could Begin Within 24 Hours &#8212; Bases Pull Personnel,"
55.92810172001302,12.037203066981158,"Denmark","Senate, Vance Barely Kill Effort To Check Trump On Venezuela After Hawley, Young Flip Their Votes"
55.083163574250534,11.614739020921334,"Denmark","President Flips Off FORD Worker Who Called Him 'Pedophile Protector'..."
56.002268157618296,13.05646094160397,"Denmark","Amazingly, the Democrats Have a Shot at a Senate Majority"
54.75500937452159,13.029247362878044,"Denmark","Elissa Slotkin Now Under Investigation as Mark Kelly Sues Hegseth"
54.8520217814068,11.844643555208998,"Denmark","Military Officials Freaked Out After Trump’s First Boat Strike"
56.45238293736493,13.544136886456336,"Denmark","Elizabeth Warren’s Bold Plan for Democrats to Win in 2026—and 2028"
54.859082401569175,13.338228299950625,"Denmark","Trump Tirades About Shooting Get Darker as Polls Turn Brutal on ICE"
55.2499593390362,11.688845855435686,"Denmark","Greenland’s Prime Minister Delivers Short and Serious Warning to Trump"
56.26721770059462,13.41914115880176,"Denmark","Jack Smith Will Finally Take On Trump in Public Testimony"
55.47851418889663,11.59909458543588,"Denmark","The Truth: There Is No Such Thing As the International Law of War"
55.87314193465113,11.597947091097424,"Denmark","War Powers Resolution Goes Down in Flames As Vance Blocks Senate Debate and GOPers Unite Behind Trum"
56.29167009675552,12.376725899319133,"Denmark","Election Integrity Win: SCOTUS Rules Congressman Has Standing to Challenge IL Mail-In Vote Counting "
37.91491037838147,-76.56150610500706,"USA","Why Banks Are So Worried About a 10% Credit Card Rate Cap"
39.31176472144146,-77.97354406109643,"USA","In a Risky Gambit, Trump Tries Brute Force to Lower Prices"
38.86686596420127,-77.53528737007599,"USA","As N.Y.C. Nurses’ Strike Continues, Both Sides Prepare for a Long Fight"
52.13748215630346,0.36687795277992163,"UK","Doctors strike called off as union backs latest pay deal"
54.828035404483416,12.98412832626199,"Denmark","FDA Calls for New Warning on Flu Shots"
38.05111439363361,-77.61030783469266,"USA","Under Trump, U.S. Adds Fuel to a Heating Planet"
55.2887008507399,12.599187673082922,"Denmark","Weathering budget cuts: Lessons from NASA | Science"
56.562463513529565,11.700957696164767,"Denmark","States say they need more help replacing lead pipes. Congress may cut the funding instead."
52.10885696746825,0.6469461265669246,"UK","‘Lots of people don’t want to do it’: Paul Nurse on his controversial second term as Royal Society p"
52.486841407699174,-0.6934264558523152,"UK","Labour still faces risks on energy despite ‘record’ wind power auction | Nils Pratley"
55.223710842207296,13.234050734159235,"Denmark","Trump Warned of a Tren de Aragua ‘Invasion.’ US Intel Told a Different Story"
56.33161520434646,12.38375156319241,"Denmark","Wish your iPhone 17 Pro looked like an original Macintosh? Now it can!"
54.684859860863696,11.866056581032295,"Denmark","Trump levies additional tariffs on ‘advanced computing chips’"
56.08391816830954,11.867794267800523,"Denmark","Taiwan issues arrest warrant for Pete Lau, CEO of OnePlus"
39.30970948511902,-76.06881278271948,"USA","CBS Mornings exclusively announces some NAACP Image Awards nominations"
55.11041145723368,12.925853653355059,"Denmark","All 1 of 3 87+ Thunderstruck/Joga Bonito/WW/Unbreakables Campaign Mix PP SBC rewards"
56.41865300797945,12.375813808126514,"Denmark","Don&#039;t skip bail: offender management program continues to show positive results – Windsor polic"
56.07063931597369,13.510592331119417,"Denmark","Early morning Windsor house fire causes $400K in damage"
46.09521658170322,-75.13924333731816,"Canada","Why a U.S. attack on Greenland would mean the ‘end’ of NATO"
46.191458375342464,-76.36796706619097,"Canada","Ottawa&#8217;s gun buyback pilot was &#8216;successful,&#8217; destroyed 25 guns: minister"
56.49067256627764,12.96183676185988,"Denmark","Arsenal told why Viktor Gyokeres still faces &apos;major problem&apos; despite Chelsea heroics: &apo"
55.431853277787546,12.984273358057688,"Denmark","Nobody wants ‘pointless’ local elections, claims Steve Reed"
55.21670753681554,13.133017422001185,"Denmark","Trump sees Iranian crackdown easing, Tehran denies man to be executed"
54.78988343013307,12.411912431424009,"Denmark","Uganda’s presidential election experiences hours of delays at some polling stations"
55.91295520991876,11.822711495654042,"Denmark","European military mission heads to Greenland as Trump&apos;s ambitions undeterred by talks"
56.38316991911577,12.163848398285971,"Denmark","Reese Witherspoon Warns Fans Against “Upsetting” Social Media Scam"
56.251552603660734,11.960437771398924,"Denmark","Jay Leno Was Asked If He&apos;d Get a Girlfriend Amid Wife’s Health Battle"
55.92688634954867,13.250469387654459,"Denmark","Teyana Time"
55.02385547462157,13.068483245104058,"Denmark","India steps up bunker construction along LoC after Operation Sindoor"
28.559164370727064,76.8464065630109,"India","Maharashtra civic polls: EVM errors in Pune; officials say machines replaced swiftly"
29.266196590476056,77.3799698188246,"India","Uddhav Thackeray claims irregularities in Maharashtra civic polls, calls it 'murder' of democracy"
27.872312508817476,76.86321180951578,"India","Indian Army stands as steadfast shield of nation: Kharge"
28.621558759455482,76.74301801427445,"India","President Murmu, PM Modi hail Indian armed forces personnel on Army Day"
29.197441853197887,78.13026553374863,"India","Voting underway for high-stakes civic polls in Maharashtra; all eyes on big battle for Mumbai"
27.89022959562268,77.78334330628114,"India","Union Minister welcomes INSV Kaundinya crew at Muscat port"
56.31458758176283,13.205660358719744,"Denmark","Air Defences That Never Fired: How The US Paralysed Venezuela’s Military And Captured Maduro"
56.395357031642874,13.260912204453678,"Denmark","Did Not Go To I-PAC Premises as CM But as Chairman of TMC: Mamata Banerjee to SC"
55.06319973922511,12.14843485792245,"Denmark","EVM Errors in Pune Civic Polls; Officials Say Machines Replaced Swiftly"
56.2500608975655,12.43664627127136,"Denmark","Singapore-Bound Air India Plane Suffers Tech Issue; Returns To Delhi"
56.534720662808816,13.446562703147247,"Denmark","European Military Mission Set To Begin in Greenland"
55.43146472219683,11.87445258961412,"Denmark","Federal officer shoots person in leg after being attacked during Minneapolis arrest, officials say"
56.66508685152324,12.024742642914248,"Denmark","Voting begins for high-stakes civic polls in Maharashtra; all eyes on big battle for Mumbai"
56.57951448794992,13.123528800418107,"Denmark","Indian Stock Markets Remain Closed On January 15 For Maharashtra Civic Elections"
55.878422831121945,11.86122292527254,"Denmark","Live Updates: Maharashtra Votes In Civic Body Polls, High-Stakes Battle In Mumbai, Pune - NDTV"
55.886184184437944,13.222875047831057,"Denmark","Govt meets 20 firms on  ₹7,280-crore rare earth magnets scheme"
55.74668990988774,11.898022110176534,"Denmark","Banking in digital era: Three things RBI wants lenders to keep in mind"
55.32070295120186,13.23201440921196,"Denmark","Why are Mumbai's new airport and metro signal-starved?"
56.333312762391316,12.480112726842993,"Denmark","Elon Musk's X FIRST response to India's IT ministry over Grok AI's obscene, pornographic imagery: 35"
55.8229944538273,13.288957239956805,"Denmark","India accuses Pakistan of cross-border drone incursions in Kashmir"
29.316343788777985,78.01692955958795,"India","Vulture Safe Zones to be established in T.N., Forest department tells Madras High Court"
29.171724896333682,77.67415605747655,"India","Is the government seeking phones’ source code?: Explained"
28.26740446063144,77.66173915346916,"India","Government disputes reports that it plans to ask phone makers to disclose source code"
29.37807142761797,76.31366376375276,"India","‘Border 2’ trailer : Sunny leads epic Indo-Pak war clash"
55.26059779300493,11.89943092030184,"Denmark","Sunjay Kapur will dispute: Priya Kapur’s location claim under scrutiny after alleged call records em"
55.71202745726782,11.658567887803342,"Denmark","Bombay High Court rules in favour of IMAX in decades-long dispute with E-City; clears execution of $"
55.46302214616677,12.12934361457374,"Denmark","Saif Ali Khan wins legal battle as Bhopal Court dismisses claim against actor’s 16.62-acre Nayapura "
54.87780092961116,11.903360065133969,"Denmark","BJP Turns Singur Against Mamata: How The Land That Built Her Rise Is Being Used To Challenge Her Rul"
51.93726409928057,0.12116759188338333,"UK","Trump says Iran has told him ‘killing has stopped’ as he pulls back from strike threats"
52.306830880835214,-0.2809041399994957,"UK","Myanmar junta holds second phase of election widely decried as a ‘sham exercise’"
51.0435411551458,-0.1511843646320773,"UK","Streeting ‘horrified’ if police chief behind Maccabi Tel Aviv ban not gone by end of day"
51.51399821392001,-1.0086952623186014,"UK","Widespread delays hit Uganda election amid internet shutdown"
51.23977991627977,-0.8439576762469093,"UK","Why the UAE has incurred the wrath of Somalia"
52.41154112369752,-0.3335246621445688,"UK","France becomes latest Nato member to confirm Greenland troop deployment – Europe live"
52.3859106160534,-0.5763530004045886,"UK","The U-turns keep coming – but Starmer’s allies insist they’re his best hope of revival"
50.592123454905504,0.5357995222128612,"UK","Onwards and sideways for Keir after another U-turn leaves him going nowhere | John Crace"
52.27379697614938,-0.08678548914080297,"UK","Three Palestine Action protesters end their hunger strike"
52.266098393859984,-0.8288536680433342,"UK","Starmer, Farage and Badenoch all head to Scotland four months before election"
51.297993582492076,-0.8944909951412973,"UK","UK sends officer to Greenland for joint military operation"
51.90882940981344,0.4985909389699129,"UK","Germany to send troops to Greenland as talks between US and Denmark over island end in 'fundamental "
52.00572679031811,-0.474098272780875,"UK","Will Oxford local elections be delayed later today?"
51.44240084859986,0.06583743600148961,"UK","Cabinet minister says voters WANT Labour to cancel 'pointless' local elections as Nigel Farage vows "
52.22766548378893,0.20731839980594546,"UK","More than 20 soldiers are caught using marching powder and have failed drugs tests... but regiment W"
51.39092565555186,-0.6428188378128309,"UK","PETER HITCHENS: History should warn us about overthrowing Iran's regime - be careful what you wish f"
50.93485677541226,-0.47909835884540153,"UK","GOP caves to Trump in dramatic U-turn granting him unchecked war powers after ferocious pressure cam"
51.42406013239914,-1.047014795180833,"UK","Ultramarathon runner who fundraises for women and girls in war zones is forced to pull out mid-race "
51.34372451816077,-1.1055000145710436,"UK","Royal hatmaker accuses 'NIMBY' neighbours of 'orchestrated campaign' against her award-winning camps"
50.85440523898548,0.8260119709100041,"UK","Nigel Farage in legal bid to block election delays that risk turning Britain into a 'banana republic"
51.364036505430875,0.30561700061239605,"UK","5,000 residents are told to evacuate their homes and school is closed after two unexploded WW2 bombs"
51.330479560258844,0.04938668298846183,"UK","Swinney backs UK sanctions against ‘barbaric’ Iran regime"
55.07805932063873,12.863978692632507,"Denmark","Scots voters set to take out anger with UK Labour government on Anas Sarwar - poll"
55.49541848094426,11.909796280956517,"Denmark","Starmer comes to Scotland despite Sarwar urging PM to stay away from campaign trail"
55.10032848943432,12.110812339206166,"Denmark","Warning: Key Scottish sector is 'under attack'"
56.57899480706116,11.62703418087677,"Denmark","Hunger strikers claim 'victory' after Israeli firm's army training contract denied"
51.68898640289733,0.7969846445050347,"UK","Starmer under pressure amid growing talk of leadership challenge"
50.89799078940051,0.04187841335088549,"UK","Sadiq Khan to urge ministers to act over ‘colossal’ impact of AI on London jobs"
51.47053597084833,-0.5781752716799838,"UK","Labour and the Tories are banking on a return to the ‘old normal’. That’s not what voters want | Raf"
51.591770112881846,-0.7057424881622981,"UK","Which countries do business with Iran  and what could US tariffs mean?"
52.43804343528084,-0.3558535292224573,"UK","Trump briefed on military and covert options for Iran, sources say"
50.54664530946699,0.4256115216805457,"UK","Share a travel tip on a holiday in Scandinavia or Finland"
51.86944686613481,-0.18679724956657007,"UK","Arsenal told why Viktor Gyokeres still faces 'major problem' despite Chelsea heroics: 'I would go ba"
51.52020368185239,0.221658423401616,"UK","The making of Mateus Mane: The 'baller' competition Wolves wonderkid won, the personality traits hel"
56.496754285966674,12.840238137917773,"Denmark","GoFundMe Campaign for Autoworker Who Got the Middle Finger From Trump Hits $450,000"
51.59724421375784,-0.8971536910929029,"UK","'They Left The Country Screwed': Starmer Makes PMQs Sex Joke As He Defends Latest U-Turn"
51.59018758580471,0.03956448762538922,"UK","Labour Condemned Over TikTok Account Posting 'Brutal' Deportation Footage"
-33.4717387685791,151.96672239770268,"Australia","If Trump attacks our allies, Albanese must move beyond denialism and cliches"
52.260760721270955,-0.5127964516670455,"UK","Coalition set to vote against Labor’s hate speech and gun laws in wake of Bondi terror attack"
50.85365499475415,-0.4561794571168437,"UK","Minns says bridge used in Bondi attack should be torn down – as it happened"
-34.06910048566564,151.80358918198365,"Australia","Da Vinci 5 arrives in Australia: A massive leap forward for robotic surgery"
54.965597214444344,12.38945336572027,"Denmark","Live Blog: Watchdog Warns Of &apos;Information Vacuum&apos; Amid Iran&apos;s Internet Blackout"
56.328991018066894,13.354395783756555,"Denmark","Iran Remains In Digital Darkness As Trump Mulls US Action Over Deadly Crackdown On Protesters"
54.80510899404422,13.098669647696214,"Denmark","Ukrainians Struggle To Stay Warm As Russia Continues To Hit Infrastructure"
56.41816372252145,12.724490126358948,"Denmark","Trump Tells Iranians &apos;Help On The Way&apos; As Death Toll In Protests Mounts"
38.12254951463704,-77.06564979805512,"USA","Talarico leads Crockett in Texas Democratic Senate primary: Poll"
38.731864366954404,-77.226054826822,"USA","Abortion threatens to derail Senate ObamaCare deal"
39.692165733118905,-77.28500157133489,"USA","Republicans vow to block Trump from seizing Greenland by force"
39.01742783594589,-77.52882062845933,"USA","Trump says Zelensky is holding up peace deal"
39.06961058588676,-77.50025262605138,"USA","Trump says he supports Venezuela remaining in OPEC"
39.058537213607465,-76.76934354472014,"USA","The Fed Hall of Fame"
-0.5036561401574726,19.823663700610005,"Africa","Africa: Former CIA Analyst Now Top U.S. Africa Official at State; Dealmaking Dominates as Conflicts "
0.8547176676900943,20.80036005608003,"Africa","Africa: U.S. House of Representatives Passes AGOA Extension Act (H.R. 6500)"
0.9932017216503923,20.798706054138083,"Africa","Africa: South Africa's 2025 Matric Pass Rate Hits Record 88 Percent, but Maths Woes and Late Dropout"
38.24359102218881,-76.58560292520549,"USA","Ugandan voters face soldiers in the street and internet shutdown before election"
38.56104001301519,-76.41457698702588,"USA","Ugandan opposition leader campaigns in flak jacket"
54.97664173853668,12.418793649408336,"Denmark","EU offers China alternative to tariffs in electric vehicles dispute"
39.61840419123171,-77.13121948199985,"USA","GOP senators flip votes to squash Venezuela war powers resolution"
39.89666960556638,-76.46103546684687,"USA","U.S. envoy says Gaza is entering second phase of ceasefire plan"
38.05344146468394,-76.4851560687841,"USA","Tina Peters' lawyers try to convince Colorado court to overturn conviction for voting system breach"
39.7880112516232,-76.64508882614133,"USA","WATCH: Senate Republicans defeat Venezuela war powers resolution, bowing to Trump pressure"
39.0632160765668,-76.58749688551333,"USA","Danish official says there's a 'fundamental disagreement' with Trump over Greenland"
54.775565826822316,13.162869637720972,"Denmark","US Senate narrowly blocks effort to rein in Trump's Venezuela war powers - Reuters"
55.69931959915177,11.779072190660468,"Denmark","Uganda votes in tense election seen as test of President Museveni's strength - Reuters"
-33.72994409645027,151.13820763390225,"Australia","Russia expels British diplomat it accuses of spying"
-34.43875304871321,150.43944625898808,"Australia","Aussies travelling to Oman, Qatar told to exercise ‘high degree of caution’"
-34.502873530894554,151.986429370753,"Australia","Iranian community rallies as Middle East tensions flare"
-34.331833348967805,150.73415749858268,"Australia","Middle East travel warning: Aussies warned of flight cancellations, disruptions ahead of possible Ir"
55.943425505031996,11.788078368612481,"Denmark","Jacinta Price claims Labor is importing Indian voters"
-34.00367490028781,151.15079519564367,"Australia","US posts record $145b budget deficit for December"
55.71042521087885,12.378193352996112,"Denmark","France and Germany Join Sweden and Norway in Deploying Soldiers to Greenland"
56.62069054442989,12.944836728793593,"Denmark","U.S. Senate measure to stop further military action in Venezuela blocked by Republicans after Trump "
52.287519164127346,14.014532054464235,"Germany","Uganda wählt: Der Langzeitherrscher sucht den Kontakt zur Jugend"
52.54422527622129,12.897823352247798,"Germany","Tense Uganda goes to vote amid internet blackout"
52.82082514500828,14.332692640608267,"Germany","US says second phase of Gaza peace plan underway"
53.1352540728043,13.839716959459322,"Germany","&apos;We choose Denmark&apos; over the US, Greenland’s PM says"
48.13017887992165,2.7897557208883312,"France","European military mission heads to Greenland as Trump's ambitions undeterred by talks"
49.769795864167556,2.493351046734766,"France","Uganda: Africa’s longest-serving leader, Yoweri Museveni, seeks to extend 40-year rule"
48.26685828239201,2.8156541625167852,"France","Uganda votes for a new president under internet blackout and police crackdown"
48.09187126418933,2.8068066860649115,"France","NATO at a 'crossroads': Does the IGO military alliance need to 'reinvent' itself?"
49.142813791091896,2.1555819210962306,"France","Iran: Donald Trump says killings have halted after anti-government protests"
48.696219944202866,2.2395806053544574,"France","Trump says Iran executions ‘stopping’ as Tehran signals fast trials and hangings"
50.69229223555614,0.7629351761584674,"UK","Three Palestine Action members end gruelling 73-day hunger strike amid claims 'key demand was met'"
50.72292137948186,-0.20469305444573982,"UK","Shamed Dragons' Den star is STILL styling herself as Dr and MBE despite being stripped of titles aft"
51.45743206021744,0.6107161760886423,"UK","Twenty-two English councils expected to delay elections amid fears of Labour wipeout"
40.06541867205021,116.570166937793,"China","Asean urged to rethink stance as Myanmar election risks normalising junta rule"
40.26761681727658,115.75821892983254,"China","India’s aim to diversify trade via Iran faces US tariff threat"
40.56971524751518,115.47063292098302,"China","Taco Trump? It’s traders who are chickening out now"
40.39063715570847,117.32687851320401,"China","Why US is splurging US$45 million on Thai-Cambodian border war amid cuts in aid funding"
39.69931501869973,116.57209411311852,"China","Beijing looks for social workers for posts on disputed South China Sea islands"
39.69754295047771,116.49762990142042,"China","Tougher building checks may add costs, slow projects, Hong Kong lawmaker says"
40.35894511121154,117.15992699667687,"China","Trump’s 500% tariff push raises risk of India-US trade freeze"
40.23200238786547,117.06594400818496,"China","Trump prevails in US Senate showdown over Venezuela war powers"
39.38938495097809,116.21741655172987,"China","China-EU tariff agreement on EVs seen cutting shipments but boosting profitability"
39.54686608760383,115.97382642023233,"China","Trump sets 180-day deadline to counter China’s control of critical minerals"
40.272833181199275,115.78851781882607,"China","Japan’s Takaichi faces uphill task in lower house election as opposition unites"
51.81628591143664,0.6735813424106708,"UK","Ex-IRA hunger striker on Palestine Action protest: 'British Government starves the truth again'"
27.626024175924325,77.16233288145636,"India","Thanedar faces racist backlash: Indian-origin US lawmaker calls to abolish ICE"
29.329903863787933,77.09253112622375,"India","From kingmakers to kin wars: How family feuds are crippling regional parties across states"
28.81866756737361,77.50087813149206,"India","Explained: Who has alliance with whom in Maharashtra’s civic polls — your guide ahead of results"
28.672836341115975,77.6002730017584,"India","'Bullet Won't Miss This Time': Iran's Assassination Threat To Trump"
28.870273121936957,77.24492774522005,"India","With Shades On Face, Dogs March In Style At 78th Army Day Parade In Jaipur"
28.694239169840344,77.9383746782186,"India","Would Trump Meet Zelensky At World Economic Forum In Davos? What He Said"
56.12037340551297,13.253632063578294,"Denmark","Maharashtra Civic Polls 2026: Over 3.48 crore voters to decide fate of 2869 seats across 29 Municipa"
28.506073897066717,77.6095212095589,"India","Muslim woman expelled to Bangladesh moves SC against tribunal order, HC’s dismissal of plea"
27.6300702575995,77.69873616683925,"India","Kuki groups, MLAs to participate in Manipur government only after Union Territory commitment"
56.04060907153091,12.441856092702427,"Denmark","India’s Russia oil trade may dip again, stranding cargoes at sea"
56.20323031731743,12.96919522262537,"Denmark","India attracts $51 billion FDI amid startup, manufacturing push"
55.97668184006166,13.438318313516188,"Denmark","Realme P4 Power's key features revealed ahead of launch, will pack a 10k mAh battery"
56.52853855357657,12.809944127445034,"Denmark","Taiwan issues arrest warrant for OnePlus CEO"
55.92301932490898,12.183216951317902,"Denmark","Official render of Google Pixel 10a leaks"
56.22090072620218,12.896056751414049,"Denmark","WSJ: Inside Apple&#8217;s &#8216;unhappy marriage&#8217; with Goldman Sachs for Apple Card"
55.641154959655914,13.19914777010373,"Denmark","Senate Republicans Shoot Down Venezuela War Powers Resolution"
55.72329256530769,12.16661605331608,"Denmark","Vance breaks Senate tie, votes to block Venezuela war powers resolution"
35.21750385768805,51.18447470084975,"Iran","Oil prices fall 3% after Trump says ‘killing has stopped’ in Iran"
55.49781871486687,12.149837626919588,"Denmark","Down in the polls, Trump yanks Republicans toward economic populism. It may not save them"
55.0857123823737,12.694037256661547,"Denmark","China&apos;s ban on cybersecurity software roils three of our stocks — here&apos;s our view"
55.36771145123404,11.644410645643134,"Denmark","Star Wars Modders Have Taken Battlefront 3 Into Their Own Hands And It Looks Great"
55.43009803615005,12.487699125545841,"Denmark","Henry Cavill’s Warhammer 40K Series Gets Annoying Release Date Update"
55.75944002688966,13.137425064732119,"Denmark","TEMPLE OF VOID Announce New Album The Crawl, Streams Doomed New Single"
55.02447680284764,13.09409819479872,"Denmark","Trump’s tariff gambit over Iran risks derailing U.S.–China trade deal"
55.22987708607357,12.050984383173091,"Denmark","Supreme Court tariff ruling: It&apos;s not just about refunds. Volume of U.S. freight trade could hi"
28.05514256998413,76.3772859341021,"India","Bomb Inside Recorder To Suicide Bombing: Assassination Attempts On Khamenei"
38.534444114427174,-76.45926132325418,"USA","If U.S. Were to Invade Greenland, ‘NATO Would Be Stuck’"
39.39678948983754,-76.2721644802169,"USA","Watch the Leaders of Japan and South Korea Jam to K-pop on the Drums"
38.143088069150174,-77.25032509928953,"USA","U.S. to Name Palestinian Committee to Run Gaza"
39.26308427568345,-76.47352794280567,"USA","Uganda Cuts Internet Days Before Presidential Election"
39.004343395332974,-76.49340239984222,"USA","Marine Le Pen Is Appealing a Decision to Bar Her From Office."
54.72614455743925,12.610016238584388,"Denmark","Ugandan election 2026: Yoweri Museveni faces Bobi Wine in presidential poll - BBC"
28.609906777447474,78.18621679873327,"India","‘Told on good authority’: Donald Trump says killing of protesters in Iran 'stopping’; claims 'no pla"
55.86138434388502,11.580564664936016,"Denmark","A devastating cotton virus lurked undetected in U.S. fields for nearly 20 years"
55.2456323116686,12.664259922553141,"Denmark","This common dinner rule makes meals more awkward"
55.25511628970356,12.54799723654585,"Denmark","Former Hartford Amazon worker sentenced to 18-month prison for $167,000 rewards fraud that fueled ga"
55.75173102871473,12.450872850078776,"Denmark","Digg Launches Its New Reddit Rival To the Public"
55.999714383229666,11.605612311805524,"Denmark","Beijing Tells Chinese Firms To Stop Using US and Israeli Cybersecurity Software"
35.2567819724715,51.58960184912665,"Iran","Trump Weighs Response After 2,500 Protesters Killed in Iran"
39.8828371989796,-76.55415540224718,"USA","Trump leaves U.S. military action unclear as Iran says it won't execute protesters"
50.778608661005954,-0.9733202427123652,"UK","Alarm as Trump DoJ pushes for voter information on millions of Americans"
51.92851246728805,-0.0321091041208158,"UK","How a billionaire with interests in Greenland encouraged Trump to acquire the territory"
39.5919491007273,-76.40769639982594,"USA","Abortion opponents warn Trump: Hold the line or risk midterms ‘devastation’"
54.965665553929654,12.574515756781551,"Denmark","Denmark Foreign Minister Scoffs at Trump's Bid to Take Greenland"
39.62097193477322,-77.79757926342799,"United States","Ana Kasparian: Enforcing Borders = Prelude to Dictatorship. Reality: Lefty Protesters Are Creating C"
52.25569347150796,-0.14068836559389608,"UK","Spain’s climate scientists subjected to ‘alarming’ rise in hate speech, minister warns"
54.989704905809106,12.080071777096737,"Denmark","BMC Election Results 2026: Who Will Win The Battle? Know How To Check Live Results On Mobile, Deskto"
55.83519951768422,12.990444823127817,"Denmark","Scotgov says Campbeltown ferry link to Ayrshire 'could return this year'"
54.81981109104484,12.244088465503294,"Denmark","How Important Is Iran For Russia&apos;s War Effort?"
38.96444258948011,-77.80276117547751,"USA","What's next for Greenland and Denmark after difficult meeting with Trump administration"
39.644850703709736,-76.23711824524655,"USA","Rights group warns on failure to deliver justice after sectarian killings in Syria's Sweida"
56.56939733083057,11.694445700082282,"Denmark","Senate Vote Lets Trump Keep Free Hand On Venezuela Military Action"
49.414259829963726,2.8916739101414817,"France","France to send more forces to Greenland, says Emmanuel Macron"
49.35609225695754,1.4801332512026724,"France","REPLAY - France's Emmanuel Macron maps out his vision for the military in 2026"
49.04432455533323,2.3893893739281324,"France","Several European countries and NATO allies send troops to Greenland"
38.98205559115414,117.03250479055511,"China","China warns against the ‘law of the jungle’ amid anti-government protests in Iran"
28.681426469198897,76.91195746425078,"India","Denmark says Trump still wants Greenland; Russia raises alarm over troop build-up"
28.36030915529157,76.95059066837138,"India","Border 2 trailer: Sunny Deol brings scale and sacrifice in multi-front war drama"
56.57111442567667,12.354623094563195,"Denmark","Tinubu celebrates Agric Minister Kyari on birthday"
55.22236431706142,12.692071428816298,"Denmark","Shettima leads Nigerian to honour Armed Forces, fallen heroes"
56.537846296398605,12.00044861169302,"Denmark","Natasha Akpoti-Uduaghan reacts as Nigerian Govt ends defamation case"
56.18985315031601,12.092396732615347,"Denmark","Bandits kill Islamic cleric in Kaduna"
54.91725095182191,12.952149201271059,"Denmark","FG, ASUU Unveil Agreement To End Strikes, Varsities Closures"
56.283407714080724,12.166935080125457,"Denmark","&#8220;We&#8217;ll Not Call Off Our Strike&#8221; &#8211; Health Workers Slams FG&#8217;s ‘No Work, "
56.13942478962397,12.520517549225943,"Denmark","Armed Forces Remembrance Day: PDP seeks improved welfare, funding"
56.66604231823314,11.932380186088896,"Denmark","Court strikes out FG&#8217;s criminal charges against Senator Natasha"
55.54443465849687,13.149782615363957,"Denmark","Remembrance Day 2026: Yar&#8217;Adua pushes for better welfare, year-round support for troops"
55.25884953777997,11.892727122746807,"Denmark","Harris opens &#8216;Saturday Night Live,&#8217; urges US to &#8216;keep Calm-ala&#8217; before elect"
54.808287899494125,11.711208212093766,"Denmark","North Korean white paper says South’s president has raised risk of nuclear war"
39.44150158838929,117.29666954204873,"China","Taiwan reports rise in Chinese military activity as US election nears"
55.80330394262168,12.896848228318031,"Denmark","Taiwan reports Chinese &#8216;combat patrol&#8217; after Beijing slams US arms deal"
32.33532848689854,34.96113187518668,"Israel","Israel’s recognition of  ‘Somaliland’ political aggression: Dar"
56.60505629485997,12.142066753593744,"Denmark","Trump warns of higher tariffs on India over Russian oil purchases"
55.49293483765019,12.12290351058236,"Denmark","Bilawal Bhutto urges PTI to shun extremism, return to democratic politics"
55.71723684890269,12.57652271772734,"Denmark","Reconciliation without resistance will be non-productive: KP CM"
55.98334273237708,12.95835921110697,"Denmark","Punjab by-polls: Notices served on minister, SAPM for 'violating' election code of conduct"
56.63769672949241,36.72553033318036,"Russia","Defense Ministry Blames Ukraine for Drone Attack on Greek-Owned Oil Tanker in Black Sea"
55.184378584634466,38.273007246807374,"Russia","Iceland Reconsiders EU Membership Not to Become Part of Trumpland"
56.58549549306737,37.52775425550686,"Russia","Russia Has No Strategic Interest in Removing Ukraine’s Leadership"
56.43780334814802,37.92596685954773,"Russia","Ukraine Appoints Digital Transformation Architect as New Defense Minister"
55.68951560678842,38.498038437747056,"Russia","""Poland has banned imports of Ukrainian grain. So what are Polish farmers protesting against?"" - E"
56.31322289994175,12.087988535704726,"Denmark","BGV Fund and Estonia launch a program for free prosthetics for Ukrainians"
56.595075159054694,12.543400782751498,"Denmark","Putin says troops build-up near Ukraine borders was part of ""exercises"""
38.99689713070906,-76.47103355898038,"USA","Iran Warns Of Retaliation If Trump Administration Strikes"
38.77491325595258,-77.51701933432985,"USA","Iran Warned Regional States Of Strikes On U.S. Bases If Attacked, Official Says"
39.333801318093,-77.66760547281801,"USA","Freed Israeli Hostages Still Had Shrapnel in Their Bodies From Oct. 7 Attack"
38.81605208574469,-77.10360955798245,"USA","Rwanda-Backed Rebels Enter Congo's Safe-Haven City"
38.17286103411291,-77.8168101006225,"USA","Trump Says Colombia Will Accept Deportees, Ending Tariff Standoff"
38.025619454688425,-77.07242481559315,"USA","Trump Says He Wants to 'Clean Out' Gaza, Send Refugees to Egypt and Jordan"
38.68538872235514,-78.00441242488728,"USA","The Latest Gaza Hostages Freed: Women Whose Hamas Warnings Were Ignored"
39.63108190076021,-76.81581613729003,"USA","Beijing promised to 'fight back' over Taiwan leader's US visit. But this time it has more to lose"
39.071810825223885,-77.49203582996194,"USA","Why did Finland's PM lose? Reporter explains the key issue voters cared about"
38.71504004779355,-76.41585237475087,"USA","Finland's Prime Minister Sanna Marin concedes election"
-25.248042248220834,28.192528801527406,"South Africa","News24 | Iran vows to defend itself ‘against any foreign threat’ amid protests, US tension"
-25.849310350272965,28.077926223444,"South Africa","News24 | Qatar says some personnel departing US base over 'regional tensions'"
-26.259818736172313,27.259576807313078,"South Africa","News24 | Germany joins European partners with troop deployment to Greenland"
-25.455353599102565,28.82291299000414,"South Africa","Uganda to vote in tense election clouded by succession questions"
-25.410002500573682,29.15043646374135,"South Africa","Iran warns of retaliation if Trump strikes, US withdraws some personnel from bases"
38.16173792864604,-76.29930356455326,"USA","Trump's mass deportations are in big trouble"
38.09739267793128,-76.55089418580371,"USA","Scoop: ACLU sues Trump at record pace in year one"
38.7915283286584,-76.41927960980871,"USA","Senate GOP succeeds in last-minute move to block Venezuela vote"
38.56492197704126,-77.64572656235244,"USA","Trump challenges where America fights and how it arms itself"
-33.494254264446894,151.61184812341025,"Australia","Ashes Boxing Day Test: Selection Calls, Noosa Fallout & Why Australia Are Clear Favourites"
29.44821880543151,76.77039883748095,"India","'There was blood everywhere': Indian-origin truck driver assaulted in Melbourne outside home, cops c"
54.99614602033655,12.993855268907737,"Denmark","Colombias præsident skal mødes med Trump i februar"
55.7499205610617,11.632598994645363,"Denmark","Trump: Har haft en god samtale med Venezuelas fungerende præsident"
56.11628411661664,13.278424662672329,"Denmark","Flere Nato-lande sender i disse dage soldater til Grønland: ’Det kan blive meget større’"
55.200365521249466,13.226768631329385,"Denmark","Fox News var 'helt sikkert det bedste sted, han kunne sidde'"
55.56193485737745,13.474217801344112,"Denmark","Over 17.000 har sagt nej til genoplivning ved hjertestop"
56.105175001096114,13.283390736378802,"Denmark","Løkke og Motzfeldt får ros efter historisk møde, men 'man må jo håbe, at det holder'"
55.70807544047957,12.49842535494519,"Denmark","Grønland: Det vigtigste er, 'at vi finder tilbage til det normale forhold til USA'"
56.258151761793485,12.053918787122427,"Denmark","Her er, hvad vi ved efter mødet mellem Grønland, Danmark og USA"
54.81201210562084,11.63974629124187,"Denmark","Hanne har et vigtigt budskab til dig over 50 år: Skid så i den kuvert"
55.02806947831092,12.151756694329368,"Denmark","ANALYSE Danmark hæver prisen: USA kommer til at betale for en fjendtlig overtagelse af Grønland"
55.28359815854482,12.052376868411642,"Denmark","Løkke på Fox News: Grønland vil sige nej til købstilbud fra Trump"
54.95045281453401,12.483899283718332,"Denmark","Amerikansk forsker: USA kan tage Grønland uden kamp – og måske kun en del af landet"
55.957972450422204,13.568392619792881,"Denmark","'Det var ikke kun min datter. Jeg så hundredvis af lig': 23-årige Rubina dræbt under protest i Iran"
56.14601174024418,12.140830834555858,"Denmark","Øjenvidner i Iran bryder regimets sorte boks: Kampklædte soldater i gaderne"
54.71268646318545,12.985059797580037,"Denmark","LIVE: Voldsom uro i Iran"
55.11138635737818,11.77823349867764,"Denmark","'Det hører ikke hjemme i USA': Økonomer mener, at Trumps stævning af centralbank truer USA’s økonomi"
56.22299614584393,12.924507075883072,"Denmark","USA søger flere ICE-agenter: Tilbyder 50.000 dollar i tiltrædelsesbonus"
55.9852014856966,12.967652559531382,"Denmark","Afsløring: Nye massive forsinkelser - ministers centrale løfte om normale ejendomsvurderinger smuldr"
56.02783356771853,12.389786659024487,"Denmark","Forældre skal fremover kontaktes ved over 10 dages fravær"
54.70434677580689,11.934319389050223,"Denmark","Løkke: Arbejdsgruppe skal finde løsning"
55.89248452975636,12.204740565611576,"Denmark","Dansk militær på vej til Grønland: 'Hvis man bliver angrebet, skal man forsvare kongeriget'"
55.03587642295517,11.989329472929786,"Denmark","Wammen: Fronterne er trukket op i forhandlinger om fødevarecheck"
55.87042193935636,11.736961126660741,"Denmark","Efter melding om Vance-deltagelse til Grønlandsmøde: Tre ting Christine Cordsen hæfter sig ved"
56.55667405346235,12.946993735470132,"Denmark","Sprøjteforbud ved drikkevandsboringer splitter regeringen"
54.72567844205083,12.152131146549742,"Denmark","Der er blevet kamp om titlen som Danmarks liberale parti – kan Venstre vinde?"
56.37813050891389,12.37214475603121,"Denmark","Vil Løkke være statsminister igen? 'Nej, altså ja, nej…’"
55.832128261078665,11.867470766845932,"Denmark","Amerikanske senatorer rejser til Danmark i den kommende uge"
56.28626899538726,13.050318388853817,"Denmark","Mette Frederiksen hælder til at sænke moms på fødevarer generelt"
56.66776210710615,12.89615349690121,"Denmark","Et møde mellem danskere og grønlændere gik helt skævt: 'Jeg har rakt hånden ud i mange år, men nu må"
56.11304750393024,12.685696564427118,"Denmark","Regeringen vil give 4,5 milliarder kroner i fødevarecheck til udsatte danskere"
55.58571553475224,13.152341722834986,"Denmark","Italiensk minister vil have dødsfald ved OL-værtsby undersøgt"
55.09318039945427,13.166845950587419,"Denmark","DR-vært prøvede Elon Musks kritiserede chatbot: Nu er omstridt funktion blevet begrænset"
56.15424871120245,13.19271875086428,"Denmark","ANALYSE Derfor er Trumps nye stød mod klimaet så hårdt"
55.772307799326896,12.35235223913269,"Denmark","Lars Aagaard efter Trump-exit: 'Min mor siger, jeg kommer til at bande for meget. Men vi står et svæ"
56.42558739420803,13.427235989485206,"Denmark","Naturfredningsforening kritiserer udmelding om invasiv hjort: 'Uigennemtænkt og populistisk'"
55.67061543876776,12.682733868051885,"Denmark","Mor holder datter hjemme fra skole på grund af kulde: ’Det er uforsvarligt’"
56.41439912370984,12.856556471848876,"Denmark","Efter års kamp: Anita har for anden gang slået Europark i retten"
56.52453835217852,13.074915602581658,"Denmark","""Hvordan skal man kunne overskue det?"" Stemmesedlen til den nye Region Østdanmark er gigantisk"
55.15384335111642,12.548849054595774,"Denmark","Hvordan ser København ud om fire år, hvis du bliver overborgmester?"
55.05222538728837,12.78579785034037,"Denmark","'Bluffnummer', 'desperat', 'forargeligt'. Røde kandidater går hårdt til hinanden for at vinde Københ"
55.85452481614909,11.931877951405706,"Denmark","Kort inden valget blusser en betændt sag op i Rudersdal: 'Forvaltningen er ude på meget dybt vand'"
55.79251097021998,12.199778132453908,"Denmark","Billige boliger skal løse pædagogkrise i Allerød"
56.53759334568733,12.486031308566098,"Denmark","S-borgmester i angreb på partitoppen: Gør det svært at være socialdemokrat på Vestegnen"
55.202128546902564,13.333352355104932,"Denmark","V og K vil have kommunerne på banen i kampen mod Airbnb"
55.01930481230565,12.232722496372721,"Denmark","85-årige Tonny er blevet valgt ind på Bornholm efter 36 års mislykkede forsøg"
55.27929614054186,13.441808998253194,"Denmark","Mørketid: Øboer frygter tomme byer og vil have bopælspligten tilbage"
56.0290882064668,11.738809017756457,"Denmark","Politikernes stoledans på Bornholm får Kaj til at føle sig snydt"
56.640907760811984,12.994305522040825,"Denmark","Midlertidig grænsekontrol fylder ti år, men kan enden være nær? 'Uden nye trusler vil det være slut'"
56.63917551821468,11.891334218288874,"Denmark","Folkemødet på Bornholm blev for dyrt. Nu rykker et nyt folkemøde et skridt nærmere"
56.13556125944319,13.226059563709804,"Denmark","Præsident vil i dialog med borgmester: 'Vi skal nok få en god fest'"
55.51986139503654,11.710598693419321,"Denmark","Hans søn så en anden elev blive overfaldet i frikvarteret: Nu er Thomas bekymret for at sende sin sø"
55.23228167474934,13.147801852237082,"Denmark","Elever sigtet for overfald med bælte og knytnæveslag - men skoleleder kan ikke selv smide dem ud af "
55.16669330874673,13.043449777014667,"Denmark","Forsker kalder ny ordning med skolemad dyr – og ville selv have ’brugt pengene anderledes’"
56.56072358296714,13.123163896255587,"Denmark","Partier vil skærpe straffen for naturkriminalitet – men de fleste sager bliver aldrig anmeldt, siger"
56.14221102528307,13.03885913786544,"Denmark","Formand for kæmperegion vil poste op mod 200 millioner i de små sygehuse: Alt for lidt, siger sundhe"
55.88856991186247,11.621317483304864,"Denmark","Afgående borgmester vender tilbage til job som vejmand"
55.953876964281285,13.119376103846301,"Denmark","Enigt økonomiudvalg fritager kommunaldirektør fra tjeneste"
55.300462933747895,12.318983344893699,"Denmark","Til kamp mod genindlæggelser: Jane får stadig besøg af sygehusets læger"
55.214208853572735,11.890196914728067,"Denmark","For fem år siden gik OUH-ansatte grædende og udmattede hjem fra job: Sådan er det i dag"
56.63976915049419,13.318608125342976,"Denmark","Roser er røde - og festivalgæster må ikke være for grå: Festival får nej til tilskud til tv-reklamer"
56.46968471300189,12.425332456287476,"Denmark","- Det var hans store sorg: Rolf Barfoed tog opgøret med sin far og valgte sin egen vej"
56.297437190752774,12.313115899551821,"Denmark","OB-træner udsatte et par af de unge for nye positioner for at skærpe dem i første frysende test"
55.04992734606534,13.016207234034848,"Denmark","Rabbits i uhørt vildt drama: Taber efter kontroversiel dommerkendelse i sidste sekund"
54.759714046801506,12.692764594217756,"Denmark","Formand reagerer på fratrædelse: - Jeg har længe talt om, at der har været en usund kultur"
56.09799025238344,12.54646028435997,"Denmark","Dømt for drabsforsøg går amok i retten: Sparker offer i hovedet - også tolken blev ramt"
55.27290611985556,11.88170775089024,"Denmark","Aalborg Kommune dropper rejse til Sydfrankrig"
55.492238465954735,13.303040479728532,"Denmark","Aalborg Kommune foreslår igen at bruge 300.000 kroner på at sende politikere til Sydfrankrig"
56.01287693627335,11.962031972652406,"Denmark","Aalborg Kommune truer med at trække støtte til Rebildfesten"
56.52826837864941,11.859711948190373,"Denmark","Borgmester er stoppet, men tjener næste år det samme som statsministeren: - Det er da mange penge"
56.613300315370836,13.099680506966068,"Denmark","Søren Gade genudpeget til Esbjerg Havns bestyrelse: Fremtrædende S-kritiker godkender ny udpegning"
56.544666665058614,13.414676436389742,"Denmark","Kameraer og lys sættes op efter ulv kom tæt på 14-årig pige i Oksbøl"
54.8466283830097,12.320645065094663,"Denmark","Efter to et halvt års tomhed: Nu er der sat pris på Ridehuset"
55.748740365610075,13.103665221730315,"Denmark","Få alle detaljer: Den gamle dame var, hvor hun skulle være, da alt snerpede til"
56.57857763008306,13.071318446711981,"Denmark","Husker du rivalopgøret lige inden nytår - nu mødes de igen: Se højdepunkterne her"
56.02111442465698,13.377833802790756,"Denmark","Esbjergenser dømt for racisme mod dommertrio til EfB-kamp: - Jeg blev gjort til syndebuk"
55.12705974121411,12.690354966471446,"Denmark","34 kampe blev det til: Sønderjyske vinker farvel til angriber"
55.532168287430814,12.703113968642686,"Denmark","Bilisterne må ud på en omvej: Central vej midt i byen er spærret i flere uger"
55.66851573710966,12.026341942682478,"Denmark","De blev indført under spareøvelse – nu kan omstridte robotstøvsugere være på vej ud af ældreplejen"
55.93148079252678,13.376712267090825,"Denmark","Tvivlsom rødvin på Kreta hjalp Marianne videre med helt særlig idé: Nu er de i eksklusivt finalefelt"
56.0921172313562,12.558090796381395,"Denmark","Var tæt på at lukke: Nu står friskole over for afgørende valg for fremtiden"
55.80834700460477,13.039502048613285,"Denmark","Chaufførens forsvarer efter dødstrusler: Det her er en dybt tragisk sag"
55.58781363125328,12.395119407580124,"Denmark","Byrådets dilemma: De vil sikkerhed for skolebørn - og stor omsætning i byens butikker"
55.87337690382284,11.964076290702277,"Denmark","Salærfastsættelse i straffeankesag"
55.87609360737481,11.668030485113118,"Denmark","Dansk barn skal evakueres med sin mor fra Roj-lejren i Syrien"
55.166250083576585,12.985067560569757,"Denmark","Ikke godtgørelse efter evakuering fra Roj-lejren i oktober 2021"
55.740206901897004,12.928586936672612,"Denmark","Domstolene digitaliserer udvalgte straffesager"
54.77489158398191,12.392466798612396,"Denmark","Bandidos medlemmer fundet skyldig i flere drabsforsøg i 2021"
55.37781642797808,11.861327973241094,"Denmark","21 årig dømt til anbringelse"
54.78075031313108,12.132368734117524,"Denmark","Frifindelse i sag om hærværk og trusler"
56.61251794228233,13.351318981801056,"Denmark","Skifteretten videregiver oplysninger i konkursboer til Rigsrevisionen"
55.06055232532139,11.745555649036188,"Denmark","Meddelelse vedrørende MELD- og FELD sagen:"
55.657966871008846,12.061514762628386,"Denmark","6 unge mænd dømt for uagtsomt manddrab u/særligt skærpende omstændigheder"
56.56743417180604,12.027287063787641,"Denmark","Skatteministeriet taber sag om begrænset skattepligt"
54.69288146779343,13.445448654525237,"Denmark","Retsudvalget har besøgt Retten i Aalborg"
55.96137262694086,12.84463840616754,"Denmark","Dom afsagt i nævningesag om to drabsforsøg begået med kniv på Hammershusvej i Aarhus den 9. november"
55.60508906208329,13.382138732374038,"Denmark","Bøder og tvangsbøder for ulovligt at have hindret offentlighedens adgang"
55.28364266936485,11.600892529772654,"Denmark","Dom i sagen om et skyderi på Carl Jacobsens Vej i april 2024"
56.253117144331725,11.681603443419181,"Denmark","Ny Retspræsident ved Retten på Frederiksberg"
55.72980617896418,12.587852792866693,"Denmark","Kendelse af 9. januar 2026"
55.18056535399756,13.21194037061312,"Denmark","Ungdomskriminalitetsnævnets årsberetning 2024"
55.1439400628938,12.76171868428818,"Denmark","Ungdomskriminalitetsnævnets årsberetning 2023"
56.25945523575325,11.776590243440811,"Denmark","Skolemonitor d. 5. januar 2026"
55.96474603980789,12.454976818479896,"Denmark","Regeringen: Folkeskolen skal prioriteres i 2026"
55.94604138987629,12.9979232970915,"Denmark","Ny trepartsaftale skal sikre mere uddannet personale i landets dagtilbud, ældrepleje og på sygehuse"
54.86796516653902,12.960347033039653,"Denmark","Nye tal: Hver femte elev har over ti procent fravær"
55.72131917347144,12.980315156194786,"Denmark","36,3 millioner fra udlodningsmidlerne er nu fordelt til projekter på hf og erhvervsuddannelserne"
55.12087506237803,13.431255260964635,"Denmark","Nu vender skolebiblioteket tilbage på landets folkeskoler"
55.58854230718268,12.492707062613192,"Denmark","Mattias Tesfaye: Der skal være plads til alle børn i skolen, men ikke til al opførsel"
55.154933682573464,12.057131465734196,"Denmark","Ny rapport fra arbejdsgruppe peger på, hvordan danskundervisning til voksne kan forbedres"
55.21117829694141,13.367175075560967,"Denmark","Ny opgørelse: 40 procent flere pædagogiske assistenter i børnehaver og vuggestuer"
56.4949047621807,11.71838698201229,"Denmark","Nu får kommuner penge til flere ansatte og lavere forældrebetaling i dagtilbud"
56.547834826603484,13.220622411327398,"Denmark","Regeringen vil bekæmpe antisemitisme med 17 initiativer frem mod 2030"
55.34748986499076,12.623979159214116,"Denmark","Vold og krænkelser skal have konsekvenser for elever i folkeskolen"
56.106272724787736,12.61688518351983,"Denmark","Nye tal for tilgang til gymnasiale uddannelser viser samme tendenser som sidste år"
55.25623349998293,12.226582262166316,"Denmark","Regeringen vil have nultolerance over for vold og grænseoverskridende adfærd i folkeskolen"
54.799804161241845,11.782964356051462,"Denmark","Regeringen præsenterer ny karakterskala, der skal mindske karakterpres"
55.61858967368002,11.877451788552435,"Denmark","Minister vil have Nexø med i gymnasiets danskkanon"
56.273298573542526,12.15123031892351,"Denmark","Der skal være plads til alle børn – men ikke til al opførsel"
55.44065251304583,12.933772039915802,"Denmark","National handlingsplan for børn og unge i langvarig bekymrende fravær er klar"
55.37353618382851,13.392826652815922,"Denmark","Elever med ordblindhed får højere karakterer ved folkeskolens afgangsprøver"
56.33472278217938,12.62372136505271,"Denmark","Beredskab for samfundskritiske aktiviteter i den finansielle sektor i ekstreme scenarier"
38.27425529471537,-76.93922663021664,"USA","Voting begins in Uganda’s presidential election during internet shutdown and delays"
38.91871493588506,-76.64936695662122,"USA","Trump set to meet Venezuelan opposition leader after cozying up to Maduro’s successor"
38.981965381369804,-77.45822494376512,"USA","Recalled 'Super Greens' diet supplement powder sickens 45 with salmonella"
37.97845706679217,-77.95309993398747,"USA","A man shot by Border Patrol during an Oregon immigration stop pleads not guilty to assault on agent"
39.64443504061784,-77.63978058242941,"USA","Renaming the Department of Defense the 'Department of War' could cost up to $125 million"
38.860121771869885,-77.0179055611689,"USA","Grand jury indicts suspect in vandalism of Vice President JD Vance’s Ohio home"
39.894596013877056,-77.50882567971476,"USA","What to know about the threats on federal funds flowing to Minnesota"
39.661777726187026,-76.142529450682,"USA","NASCAR driver Greg Biffle's North Carolina home burglarized weeks after plane crash, officials say"
39.46444307730311,-76.24033362832121,"USA","FBI searches home of Washington Post reporter in classified documents probe"
39.32499270291185,-77.59891623321771,"USA","Some personnel at key US base in Qatar advised to evacuate amid Iran tensions"
39.64204047108717,-76.73753640869359,"USA","Here are the 20 specific Fox broadcasts and tweets Dominion says were defamatory"
38.44840475180416,-76.6770965699064,"USA","White homeowner accused of shooting a Black teen who rang his doorbell turns himself in to face crim"
37.97790371936228,-76.65144731359885,"USA","Jamie Foxx remains hospitalized nearly a week after 'medical complication'"
38.19523840319105,-77.27323036141101,"USA","Netflix is winding down its DVD business after 25 years"
39.565509599030285,-76.12531659644027,"USA","FTC chair Lina Khan warns AI could 'turbocharge' fraud and scams"
39.321263595871386,-76.515747700878,"USA","Democrats bash Justice Clarence Thomas but their plan to investigate ethics allegations is unclear"
38.64060348443673,-77.50860221603786,"USA","Russia is 'going backwards' in equipment and deploying post WWII-era tanks, according to Western off"
38.7372164833169,-77.04886599538965,"USA","Two Russians claiming to be former Wagner commanders admit killing children and civilians in Ukraine"
38.550753802385195,-77.60831667307443,"USA","GOP prepared to block vote to replace Feinstein on Senate Judiciary"
38.16929861907709,-76.3125232167687,"USA","Oklahoma governor calls on officials to resign over recording of racist and threatening remarks"
37.97768558578555,-77.96254665771185,"USA","McCarthy slams Biden in handling of US debt"
39.352774697845156,-76.09857651623342,"USA","Repeated gunshots fired on live TV as ex-lawmaker shot by assassins"
38.9729503111301,-77.77000113354072,"USA","Here's what you need to know if you haven't filed your return yet — and even if you have"
38.84498367903113,-76.77050142077893,"USA","What to know about Havana Syndrome and a device that might be linked to it"
39.227943909395485,-76.78585636424582,"USA","1/14: The Takeout with Major Garrett"
38.02638714286969,-76.9432115370156,"USA","1/14: CBS Evening News"
38.89817940922727,-77.02662771091926,"USA","12/19: The Takeout with Major Garrett"
39.47340627079029,-77.07501839624393,"USA","Officials give update after federal officer shoots man in leg in Minneapolis | Special Report"
39.66245840217418,-76.34592721440342,"USA","Verizon says outage resolved after customers lost service for hours"
38.7717828605798,-76.28589244296944,"USA","Trump administration investigates 5 Democrats over their video to troops"
37.97953155529089,-77.52905380460807,"USA","What&#039;s next in Iran after Trump says killing of protesters ""has stopped"""
39.85549719130631,-77.02628491636868,"USA","ICE agent who shot Renee Good suffered internal bleeding, officials say"
55.05099369330219,11.790253872265898,"Denmark","Does the US need to own Greenland to be secure? History suggests not."
55.75281535316686,12.12808372986313,"Denmark","Trump exits global bodies in the name of ‘America First.’ Who benefits?"
55.253633319996545,11.789720857320903,"Denmark","Trump’s foray into Venezuela carries political risk at home"
56.13655153599882,11.895411692060982,"Denmark","Trump says US will now ‘run’ Venezuela, serving a warning to other world leaders"
55.98655818145291,12.159484160701142,"Denmark","Trump says Venezuela’s Maduro has been captured to face US charges"
55.904647626776644,11.90039760403124,"Denmark","My year covering the historic start of Trump 2.0"
55.57988909695453,11.8860717686423,"Denmark","Trump says Ukraine-Russia peace ‘closer than ever’ after talks with Zelenskyy"
38.1510415273449,-76.71851337656123,"USA","President Trump’s new message to Iranian protestors"
37.9845667159557,-77.39390664518466,"USA","Iranian celebrities call for action against regime amid protests"
39.55777124121746,-76.31773467177206,"USA","Venezuela's opposition leader visits the White House with her country's future, and Nobel prize, at "
39.48225053807021,-77.47555727713197,"USA","House GOP plans to hold Clintons in contempt of Congress"
38.91289558701078,-77.373627554752,"USA","Security fears and dreams of minerals behind Trump's push to 'own' Greenland, experts say"
38.74192103069418,-77.34273284780669,"USA","Greenland and Denmark officials meet with Vance and Rubio"
39.438920155258224,-76.66439961949446,"USA","‘The sea attacked us’: Winter weather destroys Gazans makeshift homes"
39.78341987690053,-76.24853575662897,"USA","What to know about Elon Musk and China with Tesla's massive 'Gigafactory' in Shanghai"
39.339800422719584,-77.46599962233674,"USA","Trump still intent on 'conquering Greenland,' Denmark says after White House talks"
38.26797329612634,-77.32243035290497,"USA","Buying Greenland could cost as much as $700 billion"
39.816127325514,-77.9806848763572,"USA","China reports record $1.2 trillion trade surplus, defying Trump's tariffs"
39.82912960446044,-76.12980869689814,"USA","Iranian death toll reaches 2,000, rights group says, as Trump tells protesters 'help is on the way'"
51.589588778562195,-1.0221462414990552,"UK","Federal agent shoots Minneapolis man in leg after shovel attack, officials say"
50.73542467269211,0.18877010488068657,"UK","She's offered to share her Nobel with Trump. But what might Machado ask for in return?"
52.202036491364865,-0.12265266893356863,"UK","Why two Canadian provinces are in a spat over Crown Royal whisky"
52.36070197706054,0.2595113149509797,"UK","Watch: How could Trump respond to Iran crackdown?"
51.617832864818496,-0.24253683496561484,"UK","Decision time for Trump on Iran but what does he ultimately want?"
54.696959665804606,12.420025683169442,"Denmark","Mitch McConnell Called Donald Trump a ‘Stupid’ and ‘Despicable Human Being’"
54.71538928402683,12.801635799558932,"Denmark","Trump Calls Jan. 6, the Day His Supporters Led a Failed Insurrection, ‘A Day of Love’"
55.157690134216125,12.904398756091261,"Denmark","Trump Gushes Over ‘Fair’ Bret Baier After Fox News Kamala Harris Interview"
56.40838837916413,12.118397110569953,"Denmark","Anderson Cooper Literally Calls Bulls*** on Surrogate’s Trump Defense"
56.46002917102105,11.60125682650155,"Denmark","Chris Hayes Furious With Fox Over ‘Edited’ Soundbite in Harris Interview"
54.7932917193168,12.633454034385938,"Denmark","Fox News’ Bret Baier Whines About Harris After Bad-Tempered Interview"
55.69966405297227,11.91399155398191,"Denmark","Harris Shuts Down Bret Baier as He Plays the MAGA Hits"
56.161121319428055,13.235069167219315,"Denmark","Billionaire Bill Ackman Admits Debate Conspiracy He Pushed Is Fake"
55.27469560223565,13.063672644773682,"Denmark","Kamala’s GOP Posse Predicts ‘Hidden Harris’ Victory"
55.6796076942081,11.84382442709954,"Denmark","GOP senators and ex-Fed chairs rush to Jerome Powell's defense"
52.18619527359135,-0.0025422864597631767,"UK","Trump to meet Venezuelan opposition leader and Nobel peace laureate Maria Corina Machado later – US "
51.64549705552141,-0.9241148026255016,"UK","Kids with brain cancer were already in a life and death struggle. Then came Trump"
52.44915663960628,-0.9272657721275858,"UK","Trump news at a glance: US halts visas from dozens of nations in latest immigration crackdown"
52.21650106265261,-0.7611824501877705,"UK","Portland man shot by Border Patrol pleads not guilty to assaulting agent"
51.562977604709666,-0.7395994231323161,"UK","Whether or not Trump invades Greenland, this much is clear: the western order we once knew is histor"
50.838434852145184,0.592362465708331,"UK","After the shooting of Renee Good, we see dissent can be fatal in Trump’s America – all bets are off "
51.550751326171934,-0.20550235178192555,"UK","I witnessed the brutality of America’s prisons first hand. We need urgent reform | Alex Duran"
51.52843701419051,0.5306333558667763,"UK","Donald Trump is waging war against human conscience | Osita Nwanevu"
52.3385543293377,-0.16417795418632208,"UK","Why is Stephen A Smith blaming Renee Good for her own death? | Etan Thomas"
51.5426163969096,-1.0038234195253284,"UK","Each NFL playoff team’s fatal flaw: the Bills’ run defense to the Sam Darnold problem"
52.23206193991052,-0.6033401395934287,"UK","The crisis whisperer: how Adam Tooze makes sense of our bewildering age"
52.3566747881413,0.2152463178223062,"UK","Trump hits back at JP Morgan CEO’s defence of Federal Reserve"
51.42593818862578,-0.39589691175095754,"UK","US Federal Reserve chair says DOJ has threatened criminal indictment – video"
55.22833589391518,13.078662665972674,"Denmark","The Lights Are Still On in Venezuela"
55.05599103812044,11.7241337692233,"Denmark","How WhatsApp Took Over the Global Conversation"
56.01825696337883,12.987355550093172,"Denmark","How Marco Rubio Went from “Little Marco” to Trump’s Foreign-Policy Enabler"
55.59292701194898,12.040822332378333,"Denmark","Iran’s Regime Is Unsustainable"
56.119030632999426,13.17740072448534,"Denmark","The Bloody Lesson the Ayatollah Took from the Shah"
56.11041914943993,12.558358501497748,"Denmark","How Donald Trump Has Transformed ICE"
56.422079995024816,12.197419933858303,"Denmark","The Former Trump Skeptics Getting Behind His War in Venezuela"
55.29142653314276,13.318867215438125,"Denmark","The Maduro Regime Without Maduro"
54.94398102969576,13.15029728042154,"Denmark","Why Donald Trump Wants Greenland (and Everything Else)"
56.66941804948929,11.718901499739626,"Denmark","The Aggressive Ambitions of Trump’s “Donroe Doctrine”"
55.05985083200671,12.646048532654161,"Denmark","J. D. Vance’s Notable Absence on Venezuela"
38.222902813967565,-76.88486360549355,"USA","News Wrap: Sessions insists he didn’t lie about Russian contacts to Senate"
39.36006703416157,-77.46218914553326,"USA","Trump and the new politics of honoring war dead"
37.96094502365062,-77.9607820258042,"USA","Trump ignites furor with claim past presidents didn&#8217;t console military families by phone"
38.44392892908679,-76.16873157838032,"USA","Trump&#8217;s claim about predecessors, fallen troops disputed"
38.424605729838596,-77.95273673667147,"USA","Xi Jinping celebrates China&#8217;s rising power &#8212; and his own"
38.65962428116436,-76.99438672623008,"USA","The battle for Mosul is over, but this hidden ISIS danger could lurk for years"
39.2980437127123,-77.6437261433785,"USA","As Rohingya refugees continue to flee from persecution, here’s how you can help"
38.76385153126658,-76.82653197784502,"USA","Far-right groups gain ground in Sweden and Germany amid migrant influx"
38.309388960946286,-77.72325626128568,"USA","WATCH: Trump and Greek prime minister hold joint news conference"
38.481269583238515,-77.8968614863383,"USA","U.S., Japan agree to maximize diplomatic pressure on North Korea"
39.47927288307439,-76.50393940140093,"USA","News Wrap: Dozens missing after deadly Mogadishu truck bombing"
38.50381991038504,-77.42882451510697,"USA","Why a power struggle has broken out over Kirkuk"
39.10439166447088,-76.67697670330826,"USA","Iraqi, Kurdish forces in standoff, weeks after Kurdish vote for independence"
39.289176731516676,-76.22430400657348,"USA","South Sudan civil war causes Africa’s worst refugee crisis"
38.58771028681286,-77.60729494868744,"USA","Hundreds dead after massive truck bomb strikes Mogadishu"
38.05153848752991,-77.09409494314511,"USA","Calmes: Trump celebrates our nation&#x27;s founding while imitating tyrant King George III"
38.05166818455008,-77.5158607955428,"USA","California, L.A. brace for Trump&#x27;s new threats to cut funds over immigration stance"
38.630120194186816,-76.22812370902045,"USA","Iranian Americans in SoCal watch Iran protests with a mix of hope and &#x27;visceral dread&#x27;"
39.694224350911036,-76.87364639520834,"USA","House Democrats challenge new Homeland Security order limiting lawmaker visits to immigration facili"
38.96607150341381,-76.65169965886153,"USA","Defiant independence from the Federal Reserve catches Trump off guard"
38.64586234124812,-77.6454895252869,"USA","California Atty. Gen. Rob Bonta opts against running for governor. Again"
38.025187513422715,-78.0072002435703,"USA","Trump&#x27;s first-year actions sparked a fiery legal war, and stunning rebukes from judges"
39.65358032086557,-77.26103249286422,"USA","Barabak: Trump can be hard to take. But his tariffs keep this fisherman afloat"
38.56725703203895,-77.75792719999409,"USA","While celebrating Maduro&#x27;s capture, Venezuelan immigrants worry about deportation"
38.317520347994204,-77.12718814911588,"USA","Federal judge blocks Trump administration&#x27;s freeze of $10 billion in child-care funds"
38.54908410860281,-76.20878776470892,"USA","Iran&#x27;s supreme leader vows to crack down on protesters, blames Trump"
38.342801834891695,-76.9141530749713,"USA","Trump casts Maduro as &#x27;narco-terrorist&#x27; driving American deaths. Experts have questions"
39.60251999921315,-76.62297348340115,"USA","Trump claims crime is rampant in California. Newsom counters with stats showing historic lows"
37.95739388972022,-77.47615556314072,"USA","Mexico says violence is plunging. But the data is complicated."
39.12540779754736,-76.41212371392506,"USA","Fatal ICE shooting in Minneapolis reflects pattern of armed confrontations nationwide"
38.29823376991667,-76.30590150658166,"USA","Calmes: Trump&#x27;s 626 overseas strikes aren&#x27;t &#x27;America First.&#x27; What&#x27;s his rea"
38.52613028210348,-76.9390423667726,"USA","&#x27;Active shooter&#x27; or ICE agent&#x27;s victim? What happened in L.A. New Year&#x27;s Eve kil"
38.01303134518139,-76.87333728480436,"USA","Trump withdraws U.S. from 66 international organizations and treaties, including major climate group"
38.333099430336304,-77.2497197108767,"USA","Facing unrest, Iran is on edge as Trump threatens Tehran on heels of Venezuela operation"
39.694439487130865,-78.00298873036222,"USA","New dietary guidelines prioritize animal protein, healthy fats in &#x27;war on sugar&#x27;"
39.08595944974021,-77.55175006007548,"USA","CIA advised Trump against supporting Venezuela&#x27;s democratic opposition"
38.228090548798946,-76.88736334901498,"USA","Trump&#x27;s threats of intervention jolt allies and foes alike"
38.158336927182255,-76.05592771761722,"USA","Mexico&#x27;s president slams Trump&#x27;s attack on Venezuela, says it destabilizes the hemisphere"
38.128328885389436,-77.58552725433432,"USA","Lawmakers return to Washington facing Venezuela concerns, shutdown threat"
55.56634999692364,11.6573466138211,"Denmark","Boeing to lay off 10% of workforce amid massive strike, financial woes"
56.01725805716947,12.447255395334468,"Denmark","President Obama pushes back against Bernie’s definition of a progressive and sorta-kinda-almost endo"
55.827368499769854,11.966181061992621,"Denmark","Marjorie Taylor Greene: After Trump win, we should prosecute Jack Smith"
56.4883174890938,13.128509844114607,"Denmark","“Where’s the beef?”: After Clinton and Trump went for style over substance, here are the burning iss"
56.050550050769644,11.603203464304645,"Denmark","Bernie betrays Democrats, announces reelection run as an independent"
55.262952640893644,13.434709310173165,"Denmark","Why Donald Trump’s racist butler actually matters"
38.93768447123889,-77.74267837080421,"USA","How the World Is Reacting to Shinzo Abe’s Death"
39.4553174966792,-76.49848628479091,"USA","Sanctions Won&#8217;t Hurt Myanmar&#8217;s Brutal Leaders, Activists Say. Here&#8217;s What Could"
37.92020096854911,-76.48187283449916,"USA","Here’s the Buzz on the Fly in Mike Pence’s Hair at the Vice Presidential Debate"
39.220730310779565,-76.39941034600582,"USA","Ryan Reynolds &#8216;Unreservedly Sorry&#8217; for Getting Married at South Carolina Plantation"
39.51370222875326,-77.50039644406607,"USA","Of Course Sarah Cooper Has Her Own Spin on President Trump&#8217;s TikTok Thoughts"
38.10968569935506,-76.5830588966905,"USA","Ryan Reynolds Joins the Hunt for Lost Teddy Bear, Offers $5,000 Reward"
38.51262701335794,-76.73222561693879,"USA","How K-Pop Fans Actually Work as a Force for Political Activism in 2020"
38.278341162004835,-77.01020338024426,"USA","Chris Evans Sent a Captain America Shield to a Young Hero for the Most Heartfelt Reason"
38.51467838013967,-77.51097526603165,"USA","The Internet Is Now Officially Cake as the Deliciously Funny Cake Memes Pile High"
39.59990463978567,-77.3014074305927,"USA","CNN called out for framing of inflation under Trump versus Biden in viral post"
39.35589810356193,-76.87201826986279,"USA","SEN RICHARD BLUMENTHAL: Crypto is a gamble our financial system doesn&apos;t need"
37.90205521248422,-76.86943582526625,"USA","Socialism cost me my country. Trump arresting Maduro might help us get it back"
38.96325867544641,-77.652250048274,"USA","ICE agent shoots Venezuelan national in Minneapolis after shovel attack during ambush: DHS"
38.29148057591688,-76.26612145477728,"USA","Taxpayer-funded Minnesota charter school shuts down in-person learning amid ICE raids"
38.637990274459284,-77.23028881670682,"USA","Mike Tomlin’s exit was unexpected as Steelers begin rare coaching search, team president says"
39.769798860073955,-76.3161825729712,"USA","Top federal Minnesota prosecutors officially terminated after dispute over ICE shooting probe"
38.83292481135564,-77.83004891116391,"USA","How Kyrsten Sinema's decision makes Democrats' 2024 Senate map tighter"
39.28796326156183,-76.41047994519839,"USA","Meet the woman steering Biden's bipartisan winning streak on Capitol Hill"
38.803647678519766,-76.57141710835756,"USA","The notable legal clouds that continue to hang over Donald Trump"
39.373371137658275,-76.80254067473577,"USA","Everything you need to know about Biden's student loan forgiveness program"
55.81499872731995,11.691484518685916,"Denmark","It's official: now avoid credit card interest into 2024"
55.61689916390369,12.987621326706018,"Denmark","Here’s What You Need To Know About The Dominion V. Fox News Trial That Starts This Week"
55.621533023595475,12.895765464696627,"Denmark","Lady Gaga Has Been Appointed To Lead A Presidential Commission By Joe Biden"
55.192285367252616,12.142300107572725,"Denmark","The Oldest Member Of Congress Is Facing Calls To Resign, But Has Agreed To Step Back From An Influen"
55.32949950198014,13.01021216242708,"Denmark","One Of The Two Tennessee Lawmakers Who Were Expelled For Protesting Gun Violence Has Been Reinstated"
55.96573258212607,13.009382706737929,"Denmark","Two Federal Judges Have Issued Conflicting Opinions On The FDA’s Approval Of A Medication Abortion P"
55.15272565977295,13.547667206532823,"Denmark","Tennessee Republicans Expelled Two Democrats Who Protested For Gun Control After The Nashville Shoot"
54.72784698013756,11.943783071421844,"Denmark","This Is How Prosecutors Say Donald Trump Committed 34 Felonies"
55.037243303667765,12.579854200415697,"Denmark","12 (Kinda Silly???) Questions We Have About Trump Getting Indicted And Arraigned"
55.77604504769827,13.365309998813114,"Denmark","Donald Trump Has Become The First President In US History To Face Criminal Charges"
55.62018484820955,11.858112097870343,"Denmark","As Criminal Charges Loom, Donald Trump Is Not Mad Online. Do Not Put In The Newspaper That He Is Mad"
56.543047576291976,13.434849699712444,"Denmark","“People Need To Be Paying Attention”: How A Bill Aimed At The Media Could Impact Democracy As We Kno"
55.169596901811396,13.456920721846979,"Denmark","Biden's Ukraine Visit Was A Logistical Nightmare That Included A 10-Hour Train Trip Through The War-"
55.9768047659973,12.104317985291845,"Denmark","Sen. John Fetterman Checked Himself Into A Hospital For Treatment Of Clinical Depression, And His Wi"
55.70111158069788,11.702156094759438,"Denmark","This Member of Congress Called Out The Grammys’ Bad Bunny Snafu As Lacking “Respect”"
55.20462001284317,12.838985734913999,"Denmark","The “Special Treatment” Supreme Court Justices Got During The Leak Investigation Should Be Investiga"
38.25538001005545,-76.85609723661155,"USA","Why the redistricting fight is likely to stretch beyond the 2026 midterms"
38.7541559797143,-77.63999876289802,"USA","María Corina Machado will 'explain' to Trump that 'she is the leader' of Venezuela: House Republican"
38.673056563529926,-76.30405869428797,"USA","Trump renews vow to annex Greenland as Pentagon readies plans on Iran"
39.016493271815804,-76.52269401218139,"USA","As Vance locks down early 2028 support, would-be GOP rivals look to stand out"
39.81318338386649,-76.42166165915921,"USA","Democrats outline 'multiple paths' to a Senate majority — all through red terrain"
39.66116796831563,-76.20274719928594,"USA","FBI searched Washington Post reporter's home as part of probe into government contractor"
39.64594589065885,-76.90430176621555,"USA","With a tiny majority, House GOP leaders tell members to show up unless it's 'life or death'"
38.803924045699674,-77.44309269862242,"USA","Vance's 2028 head start: From the Politics Desk"
39.387754704176466,-77.15078941464047,"USA","House Republicans plan to hold Hillary Clinton in contempt for refusing to testify in Epstein probe"
38.73580628528143,-76.28821377260154,"USA","Trump flips off apparent heckler while touring Ford factory"
39.59447453520109,-76.49198345279109,"USA","Key Republicans flip, kill effort to restrain Trump&apos;s policing power over Venezuela"
39.20201738366082,-76.93647914673701,"USA","Hawley, Moody react after heated Senate abortion hearing exchange: &apos;Can men get pregnant?&apos;"
38.90268499157124,-76.52445587147376,"USA","YouTuber to testify before Congress on Minnesota&apos;s massive $9B fraud network investigation"
38.819827509753,-76.74179365350379,"USA","DHS at center of progressive revolt as House advances $80B spending package"
38.020227781083456,-77.20836887297347,"USA","New Dem bill would force schools to label Jan 6 Capitol breach as ‘unprecedented, violent attack’"
39.73211697598565,-76.26328820488784,"USA","Plaxico Burress’ wife launches GOP bid for longtime Democratic NJ House seat"
38.851310500666465,-76.68892835332866,"USA","LA County expands sanctuary status with &apos;ICE-free zones&apos;"
38.629105838081024,-76.26874544279788,"USA","DHS, White House mock Chicago&apos;s lawsuit over ICE: &apos;Miraculously rediscover the 10th Amendm"
38.69216405242484,-77.41491277617207,"USA","Sanders-backed bill jabs Trump&apos;s ‘narcissism’ with ban on self-named federal buildings"
38.28703203660095,-76.25888434658755,"USA","Leading Prediction Firms Share a Commonality: Donald Trump Jr."
38.96701930882131,-76.27594986401488,"USA","3 More Lawmakers in Video Say Federal Prosecutors Are Investigating Them"
39.8789346643592,-77.51475186015611,"USA","What Voters Told Democrats About ICE, Rising Costs and Party Perceptions"
38.41758741979935,-76.60254346061345,"USA","Congress Is Spurning Many of Trump’s Proposed Spending Cuts"
39.71402113806502,-77.0303016398214,"USA","Kaiser Permanente Agrees to Pay $556 Million to Settle Medicare Overbilling Claims"
39.6745596265045,-76.53421533696041,"USA","Trump Administration to Halt Immigrant Visa Processing for 75 Countries"
39.683571667813844,-77.52403682654828,"USA","Federal Judges Uphold California’s New Congressional Maps"
39.51479864359325,-77.88473547395694,"USA","Judge Rejects Effort to Return Man Accused in 9/11 Plot to Guantánamo Trial"
38.240312800820874,-78.00032405954524,"USA","A Top Fed Official Says the Trump Administration’s Threats Are ‘About Monetary Policy’"
39.08659346687894,-76.3592359750779,"USA","All the Things Named for Trump, and How Long Other Presidents Had to Wait"
38.68940299692485,-77.72448719913956,"USA","Reader Mailbag: A Pause on Gerrymanders, and a Risk in Primaries"
38.97601494046475,-77.91005336445093,"USA","G.O.P. Redistricting Push May Backfire, Giving Democrats a Midterm Edge"
38.06419447596427,-76.51759800453664,"USA","What Trump’s New Drug Pricing Deal Means for People With Obesity"
38.23921789814969,-77.37215743600605,"USA","Trump Announces Deal to Drop Obesity Drug Prices to as Little as $149 a Month"
55.52832217034019,13.38085368817773,"Denmark","House passes second spending package with more bills in pipeline"
55.44984546504471,12.223487167224562,"Denmark","Court rejects challenge to California’s new congressional map"
56.21997324798165,12.259189388008128,"Denmark","White House holds back on national AI framework specifics"
55.283877023215624,13.188270600563778,"Denmark","House panel advances plan to restrict lawmaker stock trading"
55.816770028538265,11.645998148970744,"Denmark","Senate Democrats still have difficult path to majority"
55.279486310501945,13.227490865477296,"Denmark","Judge asks how DHS funds new lawmaker visit policy"
55.30118764879417,13.06136975901915,"Denmark","Hell Cats vs. Hegseth"
54.93165243569238,12.312149532007247,"Denmark","Elizabeth Warren’s Plan for a Revived Democratic Party"
54.70162015070157,11.871993961086304,"Denmark","Abolish ICE or GTFO"
55.19383004118888,11.772589152893117,"Denmark","Europe Signs Up for More Humiliation by Trump"
55.13202145161109,13.207587057112878,"Denmark","On Cora Weiss (1934–2025) and Peace"
55.16426671860083,12.912651672415585,"Denmark","European Cowardice Is Empowering Trump’s New Imperialism"
55.42390167844856,12.305158602699786,"Denmark","TikTok’s Incomplete Story"
55.095383864233405,13.089009032622194,"Denmark","Meet Seattle’s New Mayor, Katie Wilson"
55.46480138182038,13.14016001537681,"Denmark","Trump to shut down Afghan evacuee camp"
56.155621954007344,11.741319814369243,"Denmark","California's new Democrat-dominated congressional map survives court challenge"
56.042744338238776,12.509566794550993,"Denmark","Divided House committee advances bill to restrict congressional stock trading"
55.37184721879642,13.032017681386895,"Denmark","House Democrat introduces articles of impeachment against Kristi Noem"
54.96973502547681,12.042743185906366,"Denmark","Senators debate abortion drug risks and effectiveness, request FDA review"
55.62022569228237,11.616860993971244,"Denmark","More drama at Heritage Foundation as one scholar returns, another joins Pence defectors"
55.144198655260475,12.71657894925881,"Denmark","From Minneapolis to Venezuela, Trump starts new year with fresh risks as he faces midterm verdict"
54.69341477792452,11.816683013536492,"Denmark","Minneapolis Won't Cower in Fear Amid Border Crackdown"
55.940578572278746,11.941339933254177,"Denmark","Democratic Leaders See Path to a Senate Majority"
56.263501164229794,12.644827295421441,"Denmark","Schumer Shows He's a Better Leader Than Dems Think"
56.2666273718034,11.722112798754901,"Denmark","Trump Feels Obligated To Take Action on Iran, Weighs Options"
55.73058106602486,12.685389849773415,"Denmark","Trump's Successes All Point to Avoiding Entanglements"
56.33520879684181,12.388312561948746,"Denmark","Reagan Foundation Takes Disturbing Hard Left Turn"
56.51304079040999,11.731723754064951,"Denmark","From &lsquo;Hands Up, Don't Shoot' to &lsquo;Drive, Baby, Drive'"
54.75528280438026,13.011965495715934,"Denmark","Schumer Sees Opening for Senate Takeover After Rough Year"
56.669484622695165,11.958860098971067,"Denmark","The Democrats' Irrational Exuberance in the U.S. Senate"
55.26844292555015,11.965040102319884,"Denmark","The GOP's 2026 Bind"
56.29313169423943,12.666701249987737,"Denmark","The Trouble With Regime Change"
56.51077589450593,12.895517132517476,"Denmark","Alan Dershowitz - 2026 Samizdat Winner"
55.68300801523867,36.97865567848546,"Russia","Democrat Sen. Fetterman Urges ICE to &#039;Round Up All&#039; the Criminal Migrants"
56.252898438919544,36.63061572473811,"Russia","EXCLUSIVE: &#8216;Preventable&#8217; Killing of 15-Year-Old Girl Tied to Sanctuary Charlotte Policie"
54.83403867618573,38.10702066248903,"Russia","Grenell: If Iranian Regime Survives Current Situation, They&#039;ll &#039;Survive Anything&#039;"
56.458026044716604,38.233955894108405,"Russia","Trump Signs Law to Bring 2% and Whole Milk Back to Schools"
56.678808671025536,36.745341932313735,"Russia","Trump Confirms &#039;Leaker on Venezuela&#039; in Jail: &#039;Very Bad Leaker&#039;"
56.05496699601341,36.80775026291461,"Russia","Nolte: Golden Globe Ratings Tank with Third Dip in a Row"
55.626462904149875,37.650802478144726,"Russia","Jon Stewart: Clintons Should &#039;Abso-F**king-Lutely&#039; Comply With Epstein Subpoenas and Testi"
56.1960574137312,37.472775418222504,"Russia","Trump Is Right: Obamacare Made &#8216;Fat Cat&#8217; Insurers Rich While Patients Beg for Scraps"
56.10909307057565,38.153819442487475,"Russia","South Korean and Japanese Leaders Bang Out K-Pop Tunes at Drum Summit"
56.696911969531726,38.56570584102057,"Russia","Nolte: Mark Ruffalo Opens Himself Up to Trump Defamation Suit &#8211; &#8216;Convicted Rapist&#8217;"
54.83980728600341,38.294448286590296,"Russia","Actors Union Leader Warns of Another Strike as Studios &#038; Streamers Prepare to Negotiate AI, Hea"
56.548042121325075,37.29260703874182,"Russia","Watch Live: Senate Investigates Biden&#039;s Afghan Parolee Immigration Program"
55.6142122539362,36.89486731897774,"Russia","Watch Live: Donald Trump Holds a Signing Ceremony"
55.90693709901978,36.85461262872885,"Russia","Watch Live: FCC Chairman Brendan Carr Testifies Before Congress"
55.511295943523365,13.457280112083115,"Denmark","81 Republicans Vote With Democrats To Fund Deep State Slush Fund That Targeted Conservatives"
55.06762847558247,12.525355579291295,"Denmark","EXCLUSIVE: Heated Race To Replace Mitch McConnell Still Has Clear Frontrunner, New Poll Shows"
56.63748798675064,12.453307920621912,"Denmark","The Credit Card Interest Cap Is a Scam"
55.310158866957615,13.299919430642886,"Denmark","A Historic Opportunity for Regime Change in Iran"
55.99246832965651,11.782044091631327,"Denmark","Don’t Let Harmful EU Tech Regulations Spread Across the Globe"
54.885488121688255,12.044189339071263,"Denmark","How the Supreme Court May Untangle the Tariff Knot"
39.866911641169686,117.34425004690473,"China","Denmark sends military reinforcements to Greenland..."
56.090519174843216,12.106344298103402,"Denmark","EU chief diplomat: Time to start drinking!"
38.966726081680946,-77.41429771178015,"USA","Dem Under Federal Investigation After Video About Refusing Illegal Orders..."
39.69948145037812,-76.64005115954951,"USA","Mark Kelly's battle with Hegseth prompts presidential talk..."
39.202841890280446,-76.33519633970255,"USA","Inside Schumer's plot to retake Senate..."
38.15404106166366,-76.06133574276046,"USA","China Announces Record Trade Surplus as Its Exports Flood World Markets..."
56.252025557023046,13.210848136025529,"Denmark","Trump&#039;s Tweets Threaten His Travel Ban&#039;s Chances in Court"
56.62584796035968,12.822725254102595,"Denmark","Republican Congressman on Suspected Islamic Radicals: ""Kill Them All"""
56.46107875091713,11.833334842486007,"Denmark","How Trump and His Allies Have Run With Russian Propaganda"
55.11764471475986,13.480663110323615,"Denmark","Some Actual Good News After Trump&#039;s Paris Agreement Fiasco"
56.281205826155144,12.800831777615812,"Denmark","Democrats Are Setting Their Sights on ""Putin&#039;s Favorite Congressman"""
56.67114887382317,13.314206126852177,"Denmark","Nearly 8,000 New Voters Registered Ahead of Georgia Special Election"
56.24559346055518,13.529129793466456,"Denmark","How Trump&#039;s War on Free Speech Threatens the Republic"
55.888478130454494,13.298601393440242,"Denmark","Reuters: Jared Kushner Had Undisclosed Contact With Russian Envoy, Say Sources"
56.338992428057345,12.651553581561137,"Denmark","Trump Already Gave Us the Blueprint for Abolishing ICE"
55.02898220236519,12.40100528690956,"Denmark","Trump, 79, Falls Asleep in Weird Press Conference About Milk"
55.978636884241375,12.394998056509529,"Denmark","ICE Agents Reportedly Asking Minnesotans Where the Asians Are"
55.83965398756043,13.44685180994895,"Denmark","Joe Rogan’s Harsh New Takedown of Trump ICE Raids Hands Dems a Weapon"
55.80360022543441,12.087733392930131,"Denmark","Stephen Miller Delivers Chilling Message to ICE as Violence Grows"
55.640937432394274,12.698603854030672,"Denmark","Supreme Court Deals Major Blow to Mail-in Voting in Win for Trump"
56.2744829346321,11.648712543929182,"Denmark","FBI Raids Home of Washington Post Journalist Reporting on Trump"
56.09450725777288,11.703359594315618,"Denmark","Ford Worker Who Called Trump a “Pedo Protector” Says He Was Punished"
55.27216044827469,13.307329368228174,"Denmark","Trump Issues Extreme Greenland Threat Ahead of White House Meeting"
56.02904795235693,12.162590623620456,"Denmark","Trump’s Greenland Threats and the Plunder of the Arctic"
55.069270028697666,12.221214161259681,"Denmark","Does Congress Even Want Power Anymore?"
55.20131751198563,12.724208066281797,"Denmark","Trump’s Obsession With Real Estate Is Fueling a Ruinous Foreign Policy"
55.969943087944905,11.633680468619977,"Denmark","Trump’s Favorite Attorney Freaks Out Over Very Reasonable Question"
56.633693471065016,13.266117918174702,"Denmark","Clintons Refuse to Testify on Epstein in Face of Contempt Charges"
54.724696128637255,12.427911752022533,"Denmark","DOJ Resignations Over the Renee Good Shooting Confirm Our Worst Fears"
55.15891815486064,13.460460879918617,"Denmark","State Department Prepares to Punish Another Country for Elon Musk"
56.02740075539016,13.563907603163452,"Denmark","Global Central Bank Leaders Defend Jerome Powell After Trump Attack"
55.94670812203034,12.063942828974621,"Denmark","Trump Promises Iran “Help Is on Its Way” as Violent Crackdown Grows"
54.91497164532174,12.450387859050046,"Denmark","Trump Warns “DAY OF RECKONING” Is Coming for Minnesota"
55.50915330353178,12.156682633996494,"Denmark","Top DOJ Leaders Quit Over Response to ICE Killing of Renee Good"
56.203172590701875,12.395599402430305,"Denmark","Trump and Hegseth Face New War Crime Allegation Over Drug Boat Strikes"
55.45299995130875,13.351427367915488,"Denmark","Trump’s Authoritarianism Is Getting Worse"
55.047166675668905,11.80234625838629,"Denmark","GOP Pols and Judges Are Accomplices in Democracy’s Destruction"
55.74952809538001,12.236375208811868,"Denmark","What Americans Think Of The Biden Impeachment Inquiry"
56.0247660073167,13.452984884488338,"Denmark","The Second GOP Debate Could Be Smaller, With Or Without Trump"
55.674899543453755,12.53285175288913,"Denmark","Why &#8216;Bidenomics&#8217; Isn&#8217;t Working For Biden"
55.4943168504973,12.54159682153302,"Denmark","Why Biden Is Losing Support Among Voters Of Color"
55.33666061678983,12.199007452005574,"Denmark","Politics Podcast: Polling Silly Season Begins"
55.29524231201617,12.43024819349225,"Denmark","Ron DeSantis Probably Didn&#8217;t Turn Florida Red"
55.359503550888384,12.196218178086031,"Denmark","Aging Politicians Are Only Going To Get More Common"
56.63796513208382,12.48117068947682,"Denmark","Should We Trust Polls Campaigns Leak To The Press?"
55.925789305575805,12.962750346636303,"Denmark","Politics Podcast: Is Donald Trump The Inevitable GOP Nominee?"
55.00275462559372,12.390311773488682,"Denmark","What Are The Swing States Of The Future?"
55.54329035385125,13.346736949642032,"Denmark","Everything You Need To Know About Tuesday&#8217;s Special Elections In Rhode Island And Utah"
56.153784731034996,12.574739015666955,"Denmark","Vivek Ramaswamy Is Climbing. Where Can He Go?"
55.40152909673146,11.6262643669095,"Denmark","After An Eventful Month, Trump Has Lost Support In The GOP Primary"
54.888952249807744,12.020379882165575,"Denmark","Will Trump Regret Skipping The GOP Debates?"
55.69106301177941,12.830853552897821,"Denmark","What Are Trump&#8217;s Chances Of Winning The GOP Primary?"
55.147820908789626,13.056748729656668,"Denmark","How Restarting Student Loan Payments Could Change Millions of Lives — And The Economy"
55.78938383235882,11.605542298811326,"Denmark","Politics Podcast: Lessons From A Trump-Less Debate"
54.83769973270346,12.719522188587582,"Denmark","What Went Down In The First GOP Presidential Debate"
56.55176737990506,13.17304157577708,"Denmark","Watch: Tim Walz Hits Disgusting New Low As He Incites Violence Against ICE, Smears Agents As 'Occupi"
56.135742501608966,12.690022289663812,"Denmark","CA Assemblyman and Republican Minority Leader James Gallagher Runs for Doug LaMalfa's Congressional "
54.775920854532295,11.9493510678991,"Denmark","Nick Shirley Strikes Again, Drops Second Bombshell Video Exposing Rampant MN Fraud"
55.960790238849484,13.102090268467945,"Denmark","CA Republican Michael Gates’ AG Bid Brings Hope for Rule of Law, Election Integrity"
56.33654914442929,12.948476769094516,"Denmark","House Passes New Treasury-State Funding Duo to Dodge Shutdown"
55.75822750367373,11.756074299402718,"Denmark","Mind-Blowing: Josh Hawley Runs Circles Around 'Expert' Who Refuses to Answer If Men Can Get Pregnant"
56.39108300130655,12.628675120902082,"Denmark","Danish Officials Now Betting on U.S. Cooperation Over Greenland"
54.77530098801979,12.938089471644277,"Denmark","Obnoxious Ford Worker Who Got 'One-Finger Salute' From Trump Learns Actions Have Consequences"
56.40950088820388,12.893759044568078,"Denmark","JD Vance Delivers a Savage Schooling to Former Anchor About Obama Deportations"
56.622994963976424,13.126918046022011,"Denmark","U.S. Pulls Personnel From Key Middle East Base As Iran Tensions Spike"
55.23584990312879,12.326369084818094,"Denmark","Amid Protests, Iran Airs Ominous New Threat Aimed at President Trump"
55.917471514919,12.070460325488103,"Denmark","BREAKING: Another Officer-Involved Shooting In Minneapolis As ICE Agent Is Attacked"
56.67667480771688,12.516120685454776,"Denmark","David Frum Says Trump Allows Iranian Protesters to Die While Preparing to Kill Danish NATO Comrades"
56.469356801195346,12.98717795418491,"Denmark","House Oversight Posts Audio and Video From Hillary Clinton's Deposition (When's the Arrest?)"
54.86258553297046,12.743714686663,"Denmark","Perfect Zeros From The Judges: The Lincoln Project's Epic Anne Frank Faceplant"
55.90754314193612,12.098108902761195,"Denmark","The Digital Rage: MS NOW’s Jen Psaki Gets Touchy Over Trump’s Middle Finger to Heckler at Ford Plant"
38.53194717313665,-78.01260998098054,"USA","Trump Imposes Limited Tariffs on Foreign Semiconductors"
39.384027369495655,-76.05786797888145,"USA","Food Prices Keep Climbing, Rattling Consumers and Trump"
39.76346928660376,-76.55376612759383,"USA","Bilt Launches New Credit Cards With Mortgage and Rent Rewards: What to Know"
39.52116852330148,-77.71760888395882,"USA","Britain Awards Wind Farm Contracts That Will Power 12 Million Homes"
38.3748768453096,-76.2010603342468,"USA","Banks Ready Battle Plans to Save Their Credit Card Businesses"
38.954161147462635,-77.61444349308192,"USA","Trump Credits ‘Mister Tariff’ for the Country’s Strength. Economists Beg to Differ."
39.49114920649512,-77.5075117191126,"USA","Mark Carney Heads to Beijing to Discuss Canada-China Relations as U.S. Outlook Darkens"
38.943300638007884,-77.67394714941112,"USA","Orsted Moves to Save Its U.S, Wind Farm Projects"
39.23499384084076,-77.05661897274275,"USA","The Powell Defense Grows"
38.05042800130021,-77.00712376673835,"USA","Global Central Bankers Rally Around Fed Chair Powell Amid Criminal Investigation"
39.28081768880729,-77.56219652231958,"USA","Facing Political Pressure, Trump Seeks Answer to Rising Housing Costs"
38.42828211899374,-78.00947777516454,"USA","A Top Fed Official Conveys Little Urgency for Immediate Rate Cuts"
39.3797391864656,-77.47906903890826,"USA","Trump’s Feel-My-Pain Economic Message"
39.83938946965894,-77.47675232686883,"USA","Trump Administration Nears Trade Deal With Taiwan"
39.303600934474524,-77.32699669153683,"USA","Paramount Threatens Board Fight Over Warner Bros. Discovery"
39.12308241240901,-76.1111669463994,"USA","Mexico ready to retaliate by hurting US farmers"
38.326491585554756,-76.60715906497104,"USA","Swiss voters reject corporate tax overhaul"
38.58296619374901,-77.58881314020817,"USA","America's NAFTA nemesis: Canada, not Mexico"
38.59204526231563,-77.53263474191724,"USA","Tesla will sell electric cars in the Middle East"
38.189321479787196,-76.25327698110597,"USA","Death Toll From California Wild Mushroom Poisoning Rises to 3"
38.36735000089877,-77.38810983011261,"USA","Trump’s Steep Science Budget Cuts to Be Turned Back by Congress"
50.796410164124815,0.363238397853502,"UK","Junk food TV and online advert ban comes into force"
51.56976846458104,0.6319051570148723,"UK","Hospitals warned end-of-life care crisis threatening treatment"
51.7546634708375,0.6666693892895793,"UK","What's really going on with flu this winter?"
50.6802781760976,0.7851279973466155,"UK","Some schools disrupted amid rise in flu cases"
52.35841943945577,-0.15338590777679573,"UK","Government racks up £100m bill responding to Covid inquiry"
51.675669922412546,0.2970249294264694,"UK","Lockdown could have been avoided - key findings from Covid inquiry"
51.21187556212277,-1.1269487347543374,"UK","UK did 'too little, too late', leading to thousands more Covid deaths - inquiry"
52.086909438171965,-0.773462445497081,"UK","What's in the Covid inquiry report... in 68 seconds"
51.68643843864363,0.6942226417312422,"UK","What is the UK Covid inquiry and how does it work?"
51.87980277431033,-0.194892680106722,"UK","Gove apologises after Covid report alleges 'toxic' culture"
39.10367867030431,-76.74304577459567,"USA","South Carolina confirms 124 new measles cases as outbreak on the Arizona-Utah line grows"
38.9448624432854,-77.89240955525396,"USA","5 states sue Trump administration for withholding billions in social safety net funds"
39.37442678723196,-76.85490630476295,"USA","Bolsonaro returns to prison in Brazil after undergoing medical examinations following fall from bed"
39.585112711722275,-76.59435395889007,"USA","Here's what to know about the unprecedented changes to child vaccine recommendations"
37.90233469807289,-77.84637511466008,"USA","Federal employees file complaint against Trump administration's ban on gender-affirming care"
38.27067442383883,-76.836718197177,"USA","Vitamin A, While Helpful for Measles, Is Not a Replacement for Vaccination"
38.774626363180055,-76.16672231142267,"USA","Historic Strike Involving Thousands of Oregon Healthcare Workers Comes to an End"
38.544049840295905,-77.23645598956617,"USA","Ad Attacks Cleveland Clinic for Being Too 'Woke'"
39.4077280889659,-76.55216218589038,"USA","Neurologic Complications of Flu in Kids May Be Up This Year"
39.750127118045,-76.93500477926825,"USA","Trump has announced deals with drugmakers to cut costs. Will they save people money?"
52.0716149066564,-0.1918969923766044,"UK","Thursday briefing: Is your body really full of microplastics?"
51.488837194604855,-0.9520209893141055,"UK","NHS corridor care is ‘torture’ leading to patient deaths and staff nightmares"
52.155996981485025,0.04886407916884605,"UK","UK politics: Tories call for block on Chinese super-embassy amid claims of hidden chamber near sensi"
51.72000453709093,-0.9038833269502963,"UK","Louisiana officials seek to extradite abortion provider from California"
51.03063817223846,-0.9269466972548376,"UK","How to sleep well in 2026 – podcast"
55.57322546967368,12.101267925777503,"Denmark","The US Government Just Changed Their Alcohol Guidelines. What's the New Limit?"
56.18282095935047,13.109710344082794,"Denmark","This Breast Cancer Ribbon Has a Different Take on Pink. Here’s What It Means"
56.23940574670894,11.653912141803046,"Denmark","Victoria Beckham ‘Never Talked’ About Her Eating Disorder Publicly Until Now"
56.63293097651659,12.461198517138788,"Denmark","Sooner-than-expected climate impacts could cost the world trillions"
56.67832497922112,12.600944599007613,"Denmark","Our elegant universe: rethinking nature’s deepest principle"
54.79464797199034,12.32253389500164,"Denmark","Making autism into a partisan issue can only be harmful"
56.596921283708994,13.466984435496089,"Denmark","Tree bark microbiome has important overlooked role in climate"
38.93895080410295,-77.07139089248935,"USA","What the New Childhood Vaccine Schedule Means for You"
38.749378723415546,-77.7195691864064,"USA","Congress Is Ending the Year Without a Health Care Deal. What Comes Next?"
39.199634907285,-76.14500538550368,"USA","I Left the CDC 100 Days Ago. My Worst Fears About the Agency Are Coming True"
37.949283819838904,-77.05081716049452,"USA","White House Releases More Information on Trump’s MRI Amid Questions Over President’s Health"
55.99903620066243,11.786343356277976,"Denmark","New law mandates Singaporean providers to share patient data"
56.126229229191395,12.526145250054977,"Denmark","Native Americans Are Dying From Pregnancy. They Want a Voice To Stop the Trend."
55.45975669568533,13.165787724418863,"Denmark","GOP Cuts Will Cripple Medicaid Enrollment, Warns CEO of Largest Public Health Plan"
56.675773152422735,12.316656995869991,"Denmark","Nestlé infant formula sickens two in Brazil"
55.87953828437841,12.990950520761315,"Denmark","French sampling finds low E. coli risk in ground meat"
55.600274463257485,12.575204672150404,"Denmark","Consumer group appeals government redaction of information on infant formula"
55.07127082326862,11.570802206478316,"Denmark","EU Council approves Mercosur trade deal"
55.421819006378435,13.018193527495917,"Denmark","Rare Beauty’s Products Have Sparked A Critical Conversation About The Beauty Industry’s Lack Of Incl"
55.127394340218345,13.30629483407775,"Denmark","Yes, You Can Overdose On Weed. Here’s What To Do If You Overdo It."
55.79172161364187,13.521517740007846,"Denmark","People On TikTok Are Warning Others Not To Wear Aquaphor In The Sun. We Asked Experts If Lip Sunburn"
55.1071095406004,13.374630556720756,"Denmark","Get The Perfect At-Home Pedicure With These Affordable Nail Pro-Recommended Products"
56.08163073245432,11.60399212827004,"Denmark","Hugh Jackman Might Have Skin Cancer And Is Taking The Opportunity To Remind People To Wear Sunscreen"
54.72515759922871,11.95876299593766,"Denmark","Microsoft Is Finally Retiring Its Free Scanner App (but There Are Alternatives)"
56.66581785910245,13.342407096999365,"Denmark","What Counts As Cardio (and What Doesn't)"
55.97319494353736,12.331209046665426,"Denmark","Explore This Crowdsourced Archive of Vintage Cassette Recordings"
56.62249301803886,12.30463315495214,"Denmark","RH Recalls Natural Antler Chandeliers Due to Impact Hazard"
54.995747632418855,12.246512987316072,"Denmark","CDC's Reversal on Flu Shots for Kids Could Amplify Outbreaks"
54.69674878303852,12.964531702808324,"Denmark","What's in a Name? A New One Might Help PCOS Patients"
56.166286892185255,12.95839548549849,"Denmark","Intervention to Get Patients Off Benzos Succeeds in Trial"
55.59765033732282,11.604770906613126,"Denmark","Pazdur Tells of FDA Turmoil; Surgeon's Data Questioned; MAHA's Supplement Boom"
56.00454653880374,13.127115177355517,"Denmark","Which Antiretrovirals Perform Best in Advanced HIV Disease?"
55.481949508849446,11.878933383212962,"Denmark","‘There’s No Help’: How Doctors Cope With Workplace Violence"
51.45566231234876,-0.8993304391325935,"UK","Meet the merpeople: ‘Once I put the tail on, my life was changed forever’"
50.806752513816214,0.41305362515043187,"UK","Cycling is changing at speed – but is Britain keeping pace?"
38.412331159717546,-77.29714591609991,"USA","U.S. Emissions Jumped in 2025 as Coal Power Rebounded"
38.85452151137595,-77.14298053183376,"USA","Trump Cuts to Energy Projects in Blue States Were Unlawful, Judge Rules"
38.14854209197093,-76.73410782106937,"USA","Supreme Court to Hear Case on Louisiana’s Eroding Coast"
37.92847331326524,-77.73544207819158,"USA","The War Over the Weedkiller Roundup Might Be Headed to the Supreme Court"
38.555987850076484,-76.19765556798804,"USA","NASA Releases Images of Comet 3I/ATLAS Passing by Mars"
38.45549240041219,-76.35923211001916,"USA","An Army of Robot Telescopes in Texas Makes the Stars Feel Closer Than Ever"
38.585281939390285,-76.79410720712858,"USA","Trump May Give SpaceX Some Land In A Texas Wildlife Refuge"
38.511868268460695,-77.19131050577687,"USA","Potential discovery of new dwarf planet adds wrinkle to Planet Nine theory"
39.161543396431874,-76.3232174092602,"USA","Earth&apos;s oceans are growing darker, threatening marine life worldwide: study"
38.879639775705925,-77.61173667844348,"USA","Mysterious interstellar object '3I/ATLAS' makes its closest approach to Earth"
38.67694038374259,-77.14025140034393,"USA","Trump's exit from global climate treaty leaves U.S. without a voice in negotiations"
38.439338668172525,-77.36080045265362,"USA","Cannabis reclassification could 'open the floodgates' for research, scientists say"
38.72486712413165,-76.98017106964983,"USA","As storms inundated Washington state, federal grants for flood mitigation work sat on hold"
39.62308447492758,-77.81671074086512,"USA","NASA's new leader makes his priorities clear on day one"
38.306641472211126,-77.44456071059767,"USA","Billionaire entrepreneur Jared Isaacman is confirmed as new NASA chief"
56.5377102627124,12.35902382124492,"Denmark","Pentagon Reportedly Testing Radio Wave Device Linked to ‘Havana Syndrome’"
54.867182335889176,13.041357777126835,"Denmark","70 Percent of Cancer Patients Now Survive at Least Five Years, Study Finds"
55.50212704663023,11.946786922413452,"Denmark","How Prepared Are ISS Astronauts for Medical Emergencies?"
55.38151710583929,12.720350565844843,"Denmark","NASA to Rush Astronauts Home after Medical Incident on ISS in Unprecedented Move"
54.99940934256996,12.14904337510448,"Denmark","Archeologists Just Found a 2,000-Year-Old Battle Trumpet That May Be Linked to Queen Boudica"
55.59239716690756,11.616799714833224,"Denmark","Why Trump’s Exit from Pivotal Climate Treaty Matters"
55.48543114819922,11.934747833773118,"Denmark","Astronomers Detect Celestial ‘Wake’ from Betelgeuse’s Companion Star"
55.39478344764345,12.276404968766151,"Denmark","Breakthrough in Quantum Computing: First Secure Method to Back Up Quantum Information"
38.16153758208756,-77.99093262443515,"USA","Trump administration, Congress move to cut off transgender care for children"
39.110351405494725,-77.94568815104333,"USA","After the L.A. County fires, heart attacks and strange blood test results spiked"
37.941604179589284,-77.31735153842295,"USA","Newsom taps former CDC leaders critical of Trump-era health policies for new initiative"
39.34599410912836,-77.65037496783454,"USA","The Jumbo&#x27;s Clown Room icon who is L.A.&#x27;s best-kept Pilates secret"
38.45538578319754,-77.39998483826591,"USA","What the Trump administration&#x27;s hepatitis B vaccine rollback means for California"
38.592106081565724,-77.15937606915799,"USA","Notorious &#x27;winter vomiting bug&#x27; rising in California. A new norovirus strain could make it"
38.45847988959781,-77.38587183176179,"USA","CDC committee drops hep B vaccine for all newborns over objections from health officials"
38.48837041215723,-77.00905169355227,"USA","Thai massage therapists find community and mental health support in self-defense classes"
39.3674111487616,-77.5719998229195,"USA","Kratom was linked to 6 L.A. deaths and banned in the county. But the supplement&#x27;s actual health"
39.174030718139306,-77.30869850844702,"USA","Behind his smile, a silent crisis: Parents seek answers after autistic son&#x27;s suicide"
55.23010002188618,11.574139925779798,"Denmark","Senate confirms Jared Isaacman as NASA administrator in do-over after Musk feud"
56.14463656201041,11.71244691447475,"Denmark","Data sharing helps avoid “smoking gun” claims of topological milestones | Science"
55.56172241451169,12.15500007542372,"Denmark","Did the illicit fentanyl trade experience a supply shock? | Science"
54.86821242653318,13.445604542808875,"Denmark","Alzheimer’s drug developers accuse clinical trial sites of faking data"
50.98658272554796,-0.8806652297699392,"UK","UK secures record supply of offshore wind projects"
51.77680505349987,0.24952734282811828,"UK","Rare Iron Age war trumpet and boar standard found"
51.10658297796768,-0.015820520730274734,"UK","Hen cages and pig farrowing crates face ban"
51.678983779267725,-0.7928586797912197,"UK","Government rolls back nature protections to boost housing"
51.829241782979665,0.07982983068253213,"UK","Spain's commitment to renewable energy may be in doubt"
51.64736239408286,-0.8432868319835857,"UK","Landmark deal to cut global shipping emissions in tatters after US pressure"
50.52538794196112,-1.0163946983994459,"UK","Australia's rainforests are releasing more carbon than they absorb, warn scientists"
51.808944630840024,-1.0105480827462587,"UK","Physics Nobel awarded to three scientists for work on quantum computing"
50.61595528852686,-0.1114488267907664,"UK","Why scientists are counting tiny marine creatures, from Space"
51.63805440994364,0.42161305202904253,"UK","SpaceX Starship test fails after Texas launch"
50.96769081676144,0.03131053182268795,"UK","Record year for wind and solar electricity in Great Britain in 2025"
55.377471610702095,12.409637434671069,"Denmark","Tonnes vs. Tons: Metric vs. Imperial Measurements Strike Again"
56.26856272083947,12.587201216996212,"Denmark","New York–Newark–Jersey City Metropolitan Area"
55.54416367439025,12.190829257970158,"Denmark","NASA Releases Global Temperature Data"
55.66618277890119,12.1189267027562,"Denmark","Fire on Ice: The Arctic’s Changing Fire Regime"
55.33554748062596,12.090202717968605,"Denmark","800 ancient Roman blade sharpeners found in Britain"
56.41931665706595,13.469659737128556,"Denmark","Appeals court agrees that Congress blocked cuts to research costs"
55.30476834882408,12.51142526790037,"Denmark","Ørsted seeks injunction against US government over project freeze"
55.055816113673224,11.846049237522116,"Denmark","It's Almost 'All Systems Go' for Artemis 2 to Take the Next Giant Leap Toward Stepping on the Moon A"
56.42039645263993,12.182346339919793,"Denmark","Rockhopper Penguins' Athleticism Makes Them the Daredevils of the Animal World. Will a Warming Clima"
56.03154086011995,11.781966747184754,"Denmark","At the Mysterious Boundary Between Waking Life and Sleep, What Happens in the Brain?"
56.598541970009315,13.008221535313044,"Denmark","O-acyltransferase genes involved in the production of volatile sex pheromones in Caenorhabditis eleg"
56.48892340285765,13.263221218091807,"Denmark","Early life-stage thermal resilience is determined by climate-linked regulatory variation"
55.743018969378994,12.356487627781533,"Denmark","British redcoat&#039;s lost memoir reveals harsh realities of life as a disabled veteran"
55.630238366712234,12.189882898705633,"Denmark","A new form of graphene-derived material could unlock next-generation printed electronics"
56.399008664547246,12.72223240868444,"Denmark","There&#039;s an intensifying kind of threat to academic freedom: Watchful students serving as inform"
55.26744764725805,13.124715424127153,"Denmark","Whether or not US acquires Greenland, the island will be at the center of a massive military build-u"
56.489168200601604,11.584914305395435,"Denmark","Russia sees opportunity in thawing Arctic. But it’s looking for partners, too."
55.24053820417448,12.255268895590612,"Denmark","Trump sees a ‘con’ in climate change. Xi sees cash."
56.073981607997005,11.949184444734932,"Denmark","Make Oil Great Again? Even California drills as global climate action stalls."
55.79731602053839,12.97862346790053,"Denmark","Climate money is flowing around the globe. Sometimes, corruption makes it disappear."
56.246309201724785,13.475007734801569,"Denmark","Can resource-rich countries go green? Colombia’s trying to find out."
55.20887593964152,12.036568361842816,"Denmark","Meet the Two Members Petitioning to Be President-Elect Candidates"
55.979437491548765,12.515175384232183,"Denmark","Researchers Beam Power From a Moving Airplane"
55.170139216260914,12.892993024312709,"Denmark","Video Friday: Robots Are Everywhere at CES 2026"
54.843775804561346,12.827894781082119,"Denmark","Meet the IEEE Board-Nominated Candidates for President-Elect"
56.13119000618041,12.625180460047286,"Denmark","Jacob’s Ladder"
56.45714797636585,11.857617266851669,"Denmark","Video Friday: Watch Scuttle Evolve"
56.47318788850828,12.919388463361386,"Denmark","Teen Develops Flood-Detecting CubeSat"
54.80466604150095,13.136182951636437,"Denmark","Teams of Robots Compete to Save Lives on the Battlefield"
54.92024059879996,13.152283656750194,"Denmark","Trump’s EPA could limit its own ability to use new science to strengthen air pollution rules"
56.00997572278236,13.51326748701924,"Denmark","Mobile homes already have huge utility bills. Congress may make it worse."
55.092698841024855,12.866619036789125,"Denmark","Trump invaded Venezuela to restore an oil industry he helped destroy"
55.04644476630019,12.653464147284817,"Denmark","Louisiana town fights for relief after a billion-dollar oil disaster"
52.449869727956326,-0.01984489722173477,"UK","Royal Society president reignites Elon Musk row by defending lack of action"
51.04484301467571,-0.9896489768412563,"UK","The friendship secret: why socialising could help you live longer"
52.23767008156677,-0.0047915357017142,"UK","Crude appeal: why Trump wants Venezuela’s oil – podcast"
50.729085768948295,-0.7380568450028725,"UK","Trump’s move to pull US from key UN climate treaty may be illegal, experts say"
51.296107371324936,-0.22575458891639422,"UK","Outrage as Trump withdraws from key UN climate treaty along with dozens of international organisatio"
51.55939307407748,0.298253713288274,"UK","Traces of cancer-linked pesticide found in tests at UK playgrounds"
50.793136625535205,-0.654576024886549,"UK","Canadians protest imports of US toxic waste amid Trump tariff war"
50.61195448055934,-0.47653225313142367,"UK","Ex-FDA workers warn Trump cuts will increase risk of food safety lapses in US"
50.517148830461615,-0.22718272019663355,"UK","These migrants grow the US’s Christmas trees. Trump’s wage cuts may keep them away"
51.97421093499064,-0.6676911277115197,"UK","Germany’s dying forests are losing their ability to absorb CO2. Can a new way of planting save them?"
51.1484837198938,-0.8434391532925761,"UK","With this record wind power auction, we’ve proved the rightwing doubters wrong | Ed Miliband"
51.18975500420243,0.5482569042301008,"UK","Dense, sticky and heavy: why Venezuela’s oil is valuable to Trump – video explainer"
54.82250077673249,11.811971457453042,"Denmark","An NBA Player Broke Martha Stewart's Toe, And We Finally Know Who It Was"
39.30111607273274,-76.0405432793358,"USA","Late NASCAR star Greg Biffle&apos;s home burglarized weeks after plane crash, $30,000 taken: officia"
38.17069626573935,-77.98352821032944,"USA","Golf legend Greg Norman praises Trump for US action in Venezuela: &apos;I applaud it&apos;"
38.7231378316445,-77.02447825051594,"USA","Longtime college basketball coach Bill Courtney dead at 55"
54.69824853844862,12.243931321050226,"Denmark","Sources: Giants finalizing deal with Harbaugh"
38.24339249123497,-76.21912278636654,"USA","Five statement pieces that belong in every woman&#x27;s wardrobe, according to WNBA stylist Brittany"
55.60152374151496,13.26713455984684,"Denmark","NCAA changes college basketball transfer process with later portal dates, shorter window"
54.83664189379925,12.916886725462549,"Denmark","Fred Warner injury: 49ers LB returns to practice, not ruling out playing in divisional round against"
56.559896708568466,13.229260400237019,"Denmark","Bayer Leverkusen&#8217;s Robert Andrich revealed he told Florian Wirtz not to join Bayern Munich bef"
54.89799880186747,12.596128840507458,"Denmark","Rachaad White: Todd Bowles would be ""better off"" letting someone else call defense"
54.71453245463813,13.068207383755446,"Denmark","OFFICIAL STATEMENT: MATTIA CAPPELLETTI"
55.05042178658674,13.451175369397792,"Denmark","New York Giants agree with John Harbaugh on head coaching deal"
39.502333563127245,-77.05912611688649,"USA","Mark Zuckerberg apologizes to families over social media harms in contentious Senate hearing"
39.89397309094946,-78.01569024407472,"USA","CEOs of Meta, X, Discord, TikTok and Snap testify before the Senate Judiciary Committee"
39.14468431199684,-77.10563832254276,"USA","Volkswagen Suffers More Than Rivals From Auto Industry Woes"
38.77558474471604,-76.43552502815268,"USA","Fake error popups are spreading malware fast"
38.06998338029025,-77.55587145060811,"USA","Browser extension malware infected 8.8M users in DarkSpectre attack"
38.680182670718175,-77.83220717708015,"USA","OpenAI admits AI browsers face unsolvable prompt attacks"
54.69768338217057,12.769117304434012,"Denmark","What is Blockchain: Everything You Need to Know (2022)"
55.37540590256153,13.204779230923194,"Denmark","The Real AI Talent War Is for Plumbers and Electricians"
55.999845945296265,13.079154014853463,"Denmark","In Photos: One Week Since the Shooting of Renee Nicole Good in Minneapolis"
55.597730358091944,12.693773153421368,"Denmark","How AI Companies Got Caught Up in US Military Efforts"
55.68042378402719,11.681311675883816,"Denmark","Digg, an Early Social and News Site, Officially Relaunches"
56.34331418867653,12.331932785969785,"Denmark","LG CLOiD Hands-On: Will This Robot Do Household Tasks Better Than a Human? video"
56.141420311068444,11.72305585518913,"Denmark","Get Microsoft Office and Windows 11 Pro for life for $40"
56.036973652878935,13.10374325713924,"Denmark","The Asus Xbox Ally is cheaper than the Steam Deck today"
55.53369158223719,12.463615211788897,"Denmark","Windows 11 26H1 preview build gets missing features from 25H2"
55.54448775372891,11.938450928417975,"Denmark","The best VPN deals: Up to 88 percent off ProtonVPN, Surfshark, ExpressVPN, NordVPN and more"
56.18829541730169,12.09329055673154,"Denmark","He could just turn it off"
56.29633355642233,13.216599619520817,"Denmark","UK scraps digital ID requirement for workers"
55.394230365396965,12.122006437444126,"Denmark","Senate passes Defiance Act for a second time to address Grok deepfakes"
55.414492603456935,12.3697828712277,"Denmark","EA delays Battlefield 6 Season 2 to February 17"
55.233012012116916,12.0947755979566,"Denmark","Meta refocuses on AI hardware as metaverse layoffs begin"
55.78755933090064,12.182909913633921,"Denmark","Star Wars Outlaws developer Massive Entertainment and Ubisoft Stockholm face layoffs"
38.820885255940965,-76.63434353536624,"USA","Google and Character.AI to settle lawsuits alleging chatbots harmed teens"
39.03249357675869,-76.06013352656895,"USA","TikTok creators welcome deal to keep app in the U.S."
39.601359916826965,-76.82804546637122,"USA","Trump signs order to limit state AI regulations, with California in the crosshairs"
38.24987197647481,-76.96675060169976,"USA","Chabria: California&#x27;s first partner pushes to regulate AI while Trump and tech bros thunder for"
38.86511193935382,-76.73162980694046,"USA","As global warming melts glaciers, a novel sanctuary in Antarctica is opening to preserve ice samples"
55.864244464520276,11.767210112425754,"Denmark","We Spoke To The Guy Who Created The Viral AI Image Of The Pope That Fooled The World"
55.69341368175306,13.25676502949533,"Denmark","TikTok CEO Shou Zi Chew Appeared Before Congress And Now The Fan Edits Are Rolling In"
54.755374931059414,13.47415768136551,"Denmark","TikTok’s CEO Got Blasted By Both Sides During An Intense Congressional Hearing"
56.38160797593652,12.479303752768205,"Denmark","Congress Wanted Me To Turn Over A Document About TikTok’s Links To China. Here’s Why I Refused."
56.32432060702195,11.723283765086912,"Denmark","Murderous Mexican Drug Cartels Are Thriving On Elon Musk’s Twitter"
56.135946799119424,13.306934773220352,"Denmark","This 18-Year-Old College Journalist Could Bring Down Stanford University’s President"
55.49806541674442,12.687515141083827,"Denmark","The Untold Story Of Andrew Tate, The Internet’s Most Notorious Influencer"
56.44509857766475,12.408457828121552,"Denmark","‘It will refuse to produce anything illegal’: Elon Musk rails against Grok backlash, but UK Prime Mi"
55.64796773500066,12.569250515668614,"Denmark","Stewart Cheifet, PBS host who chronicled the PC revolution, dies at 87"
55.965871361872516,12.757987601222451,"Denmark","Texas judge throws out second lawsuit over CrowdStrike outage"
56.347664030503275,13.393337707766745,"Denmark","UK government backtracks on plans for mandatory digital ID"
55.99765808606078,12.359345775510084,"Denmark","‘Dual-channel’ attacks are the new face of BEC in 2026"
54.88397540157123,13.114820959381854,"Denmark","Berlin anarchists cite AI in attack on key energy infrastructure"
56.19114538199256,13.39436488320418,"Denmark","Post Office scandal’s oldest victim calls for total ban on Fujitsu"
56.07849486565814,13.110103822623149,"Denmark","Business leaders see AI risks and fraud outpacing ransomware, says WEF"
37.94923592548076,-76.6510438232774,"USA","Starlink’s Quiet Role in Venezuela’s Political Crisis"
39.080669338109445,-77.75817421635317,"USA","The AI Safety Demo That Caused Alarm in Washington"
37.97634156473484,-76.97863614457401,"USA","Four of the Strangest AI Moments in 2025"
39.105915469925414,-77.07057709187956,"USA","Why AI Makes Alexis Ohanian ‘Bullish’ About Live Entertainment"
39.3428692747715,-77.38654484026412,"USA","Elon Musk and Trump Officials Go to War With E.U. Over $140M Fine for X"
38.16914710688481,-77.2319572141677,"USA","The Lawyer Suing Social-Media Companies On Behalf of Kids"
38.169081450474856,-77.5546693037686,"USA","Why the AI Industry Is Betting on a Fusion Energy Breakthrough"
39.17540010137573,-76.0407540260263,"USA","A New Bill Would Prohibit Minors from Using AI Chatbots"
39.2235549831773,-77.65299052180822,"USA","A Timeline of the Battle for OpenAI: Musk, Altman, and the For-Profit Shift"
50.51812139540327,0.6625529088310848,"UK","No 10 welcomes reports X is addressing Grok deepfakes"
52.01767258229952,0.14205002993170657,"UK","X could face UK ban over deepfakes, minister says"
52.17396849493766,0.4244895388588049,"UK","Government accused of dragging its heels on deepfake law over Grok AI"
52.02216860445806,-0.010043141378303866,"UK","Government demands Musk's X deals with 'appalling' Grok AI deepfakes"
52.40871448079507,0.4151998055015257,"UK","Nvidia unveils self-driving car tech as it seeks to power more products with AI"
52.19693086614545,-0.4404697965070926,"UK","Watch: Backlash against Musk's Grok AI explained"
51.57895185214288,0.6015571431033576,"UK","Scammers hacked her phone and stole thousands - so how did they get her details?"
52.389856740996954,-0.32495003464008143,"UK","On the front line of Europe's standoff with Russia's sanction-busting shadow fleet"
55.30426665812948,37.11668243266291,"Russia","India’s New ‘Sanchar Saathi’ Surveillance Play: The Slow Death of Indian Privacy?"
56.37297028166973,37.32736352673018,"Russia","DeepSeek-R1 Exposes a New AI Weakness: Security Degrades With Ideological Triggers"
56.640296562168615,36.702369238764554,"Russia","Android Sideloading Stays Alive as Google Revises Developer Verification Plan"
55.1386134219864,36.65184133668415,"Russia","New EU Chat Control Proposal Moves Forward – Privacy Experts See a Dangerous Backdoor"
56.59713647654196,38.477176067786615,"Russia","Montana Wants to Guarantee Right to Compute, but Is the Law Ready for Reality?"
55.42948087804923,37.71264068665477,"Russia","OpenAI’s Government Lifeline: A $1T Ask Amid Wall Street’s AI Doubts"
56.32697704547312,38.41465190227376,"Russia","ICE Deploys AI to Watch What You Post Online"
55.737431133600296,37.031204975132034,"Russia","Security Experts Warn of Vulnerabilities in ChatGPT Atlas Browser"
55.7627176004257,12.37937143571288,"Denmark","Amazon casts Ragnarök veteran Ryan Hurst as Kratos in God of War show"
55.96619845883366,13.49614039486626,"Denmark","OnePlus CEO Pete Lau wanted in Taiwan for hiring local engineers without government approval"
56.10836282121921,12.691811106600758,"Denmark","Scotland is quietly building one of Europe's most advanced space ecosystems"
56.2317237185192,12.528494711342393,"Denmark","Linus Torvalds has started vibe coding, just not on Linux"
54.98273547297569,13.407790898350818,"Denmark","Innovations in robotic lawncare provide an intelligent mowing solution"
55.90185690849838,12.354433859579087,"Denmark","Alienware celebrates 25 years with revamped Aurora desktop PC"
55.79186348494238,11.62046294284776,"Denmark","A single click mounted a covert, multistage attack against Copilot"
56.380651483183456,12.546575526275637,"Denmark","Securing digital assets as crypto crime surges"
55.24021592310541,12.546098364472325,"Denmark","First Air Taxi Service to Launch in Dubai in 2026"
55.81558618176858,11.617257404450093,"Denmark","Video Friday: Holiday Robot Helpers Send Season’s Greetings"
56.53030352650418,12.36171170252271,"Denmark","The Top 6 Robotics Stories of 2025"
55.82001300225128,13.410924291981301,"Denmark","Video Friday: Happy Robot Holidays"
55.295444947551644,12.555216583584805,"Denmark","Video Friday: Robot Dog Shows Off Its Muscles"
54.88485619725457,13.321629952422988,"Denmark","Ghost Robotics’ Arm Brings Manipulation to Military Quadrupeds"
56.173781869509135,11.681376599644906,"Denmark","Video Friday: Biorobotics Turns Lobster Tails Into Gripper"
55.83411666297554,13.393663104871383,"Denmark","Video Friday: DARPA Challenge Focuses on Heavy-Lift Drones"
55.748337904670045,12.655396747326598,"Denmark","Video Friday: This Drone Drives and Flies—Seamlessly"
56.59673587916951,12.232033836373319,"Denmark","Video Friday: Happy Robot Halloween!"
39.44326948932279,-76.82066824641787,"USA","Audience for Golden Globe Awards telecast drops 7% from last year"
38.93173395766222,-77.14758509286688,"USA","Search for Timothy Busfield, accused of child sex abuse, now includes U.S. Marshals Service: reports"
39.76275722864892,-76.94627572716374,"USA","Trevor Noah caps off &#x27;generational run,&#x27; will host Grammys for sixth and final time"
38.675560385388856,-77.76069006089212,"USA","Paramount sues Warner Bros. Discovery over its deal with Netflix"
39.63327961317328,-76.69100757524578,"USA","Nikki Glaser pokes fun at CBS News, Warner Bros., Epstein files in Golden Globes monologue"
38.78363146821662,-76.57347601925454,"USA","Golden Globes 2026: The complete winners list"
56.06974606553733,13.214001208458924,"Denmark","Disneyland Is Holding a Skywalker Family Reunion at Galaxy’s Edge"
55.32050440717868,12.293590104886025,"Denmark","Tell Me Lies Season-Premiere Recap: Protect Bree at All Costs"
54.755165276406885,12.114638649295152,"Denmark","How Consent Can—and Cannot—Help Us Have Better Sex"
55.29508536578373,12.6585132554459,"Denmark","Tell Us Your Opinions!"
54.746608858679394,12.314573798600708,"Denmark","A Lesbian Version Of ""Heated Rivalry"" Is Officially Coming Out — And Yes, You Just Read That Right"
56.506836524638544,12.55624271960077,"Denmark","Ayo Edebiri Just Revealed That The Cast Of “The Bear” Were Secretly Playing “Golden Globes Bingo” At"
56.168997498060705,11.589789161285534,"Denmark","Stellan Skarsgård Wasted No Time Correcting A Reporter For Suggesting That He Enjoyed His Food At Th"
56.511678709405075,12.246296173058887,"Denmark","10 Actors Who Have Come To Define Awards Season"
39.59024762953261,-77.84237660603175,"USA","Predictions for this year&#039;s Golden Globes"
39.022970952342085,-77.04175654255066,"USA","BTS announce first world tour since returning from mandatory military service: See the dates"
39.14309597853538,-77.9730694896238,"USA","The BBC seeks to dismiss Trump's $10B defamation lawsuit in a Florida court"
38.34504778039097,-76.2961271346008,"USA","Paramount's next target in hostile takeover bid of Warner Bros. is a board of its own making"
38.649443702566565,-76.8880698879255,"USA","Reference to Trump's impeachments is removed from the display of his Smithsonian photo portrait"
55.909004220861775,11.813195311178873,"Denmark","Barack Obama Reacts to Kamala Harris' Historic VP Nomination"
56.48325040652561,12.233111847888267,"Denmark","Kamala Harris: What to Know About the Democratic Vice Presidential Candidate"
55.98296160743129,11.860672264132551,"Denmark","Elijah McClain's Parents Sue Colorado Police Over His Death"
37.92221500979973,-77.05123372332686,"USA","Kirstie Alley, 'Cheers' and 'Veronica's Closet' star, dead at 71"
56.42426117828933,11.958986721657006,"Denmark","Why I&#039;m Secretly Looking Forward to Dry January"
56.427432039243214,12.36333676018705,"Denmark","We're Losing Track of How Many Awards The Pitt Is Winning"
55.90603348529495,12.636396580184902,"Denmark","Timothée Chalamet Finally Won His First Golden Globe Award"
56.05822333441206,13.097026648995936,"Denmark","Finn Wolfhard Finally Left Hawkins, Indiana. What Now?"
55.75321667136814,12.850002335077525,"Denmark","Oh My Goodness You Can Jump, Strafe, and Walk Backwards in Animal Crossing: New Horizons Now"
54.99721663668099,13.323463368152249,"Denmark","God of War Show Finds Its Kratos in Ragnarok Alum Ryan Hurst"
55.260111863712055,13.271202500557688,"Denmark","Animal Crossing: New Horizons' Big 3.0 Update Just Dropped a Day Early"
56.36760020612937,12.551441613627459,"Denmark","Rockstar launch official roleplay mods store where you can spend $67 to turn GTA into Euro Truck Sim"
55.30466762439683,12.165956204585164,"Denmark","Playing Hytale on the Steam Deck takes some classic PC spannering, but the effort is rewarded"
56.0949143012718,13.430289356955623,"Denmark","Arc Raiders studio want future Expeditions to be less about fat stacks and FOMO"
55.58631513205904,12.655189358305417,"Denmark","You can eat rats and unicorns in lip-smacking autobattler Dunderbeck, and I absolutely refuse to pla"
55.94908692398981,12.297599730452824,"Denmark","RAM may be abominably expensive, but hey, at least SSD prices are also exploding"
56.01539613126302,11.770835688488017,"Denmark","Nintendo President Says They are Monitoring High RAM Prices and Tariff Impacts"
55.631546619263005,13.297440772011662,"Denmark","Rockstar submits evidence in union court case"
56.16539092665886,13.03030350945701,"Denmark","Rockstar launches official marketplace for mods"
54.968359671956776,12.359394850876946,"Denmark","Paramount sues Warner Bros. Discovery for details of its deal with Netflix"
55.31170863802201,13.093571005867592,"Denmark","Warner Bros. Discovery's board ""unanimously"" rejects Paramount Skydance's amended offer"
55.983377200888725,12.144132722498052,"Denmark","What To Do First In Animal Crossing: New Horizons 3.0"
56.46859139545548,12.686664442594655,"Denmark","God Of War TV Series Finds Its Kratos With Sons Of Anarchy Actor"
54.71613482298683,12.132865438192379,"Denmark","Battlefield 6&#039;s Season 2 Delay Adds More Challenges, Cosmetics, And Double XP To Season 1"
55.351232008612165,12.83582354298296,"Denmark","Evidence mounts to suggest Ubisoft really is about to announce an Assassin’s Creed 4: Black Flag rem"
55.3162487437311,13.346115432503982,"Denmark","Hopes around the unannounced Guild Wars 3 reignite thanks to a new job listing posted by ArenaNet"
55.487327946129675,12.078624021995504,"Denmark","Amazon's God of War series has found its Kratos, and it's Ragnarök's Thor"
56.65949263003833,11.686839336749271,"Denmark","Battlefield 6 Season 2 delayed until February, but more content for Season 1 and events are on the w"
54.926681727244436,12.384138850177564,"Denmark","Deadpool is joining Marvel Rivals later this week, and he can pretty much do anything he wants"
55.955936563467205,12.871555020725335,"Denmark","Fired employees at GTA 6 studio Rockstar denied interim pay by UK tribunal - union highlights firm's"
56.504600201350286,11.658494602848304,"Denmark","Call of Duty on Nintendo Switch 2? It could happen sooner than we thought, according to the latest C"
56.40405987833273,11.810329453013184,"Denmark","As roughly one-in-ten Arc Raiders players reset their characters, Embark Studios is looking for new "
56.29295105154449,12.911817017146056,"Denmark","Universal Tower Defense Tier List [UPD 0.75]"
56.32514844783681,12.737040568038728,"Denmark","Best items to keep, sell, and recycle in ARC Raiders (Season 2)"
55.29905885560869,13.306384395617094,"Denmark","All FC 26 TOTY player ratings and confirmed playstyles revealed"
55.809896404093195,11.781619218781778,"Denmark","All season 6 battle pass skins in Marvel Rivals &#8211; Museum Ticket"
55.399440184187945,12.01431984412791,"Denmark","RPG Cast &#8211; Episode 764: &#8220;Cool Ranch Switch Cartridges&#8221;"
55.5018186031756,12.467651466570839,"Denmark","Avatar creators announce new series following Last Airbender's favorite characters"
56.1811975429382,12.027625039220826,"Denmark","Darkseid is officially on the way to DCU as James Gunn confirms upcoming Mister Miracle show is cano"
56.644084150106515,11.953410678156228,"Denmark","BioWare’s Anthem will soon be completely unplayable"
55.35869177150624,12.62364939669765,"Denmark","INFOGRAPHIE | Sondages: l&apos;ascension et la plongée de François Legault"
56.61170789559725,12.359095897805727,"Denmark","First Nations co-owned solar farm will be largest in Saskatchewan"
56.116745440253204,12.782718555574322,"Denmark","What to know about dangerous Sask. ice conditions amid warm winter weather"
56.48589814109645,12.359023899369411,"Denmark","&#039;It is time for change&#039;: Sask. NDP announces two new shadow cabinet roles"
54.922409613791345,11.93415751780965,"Denmark","Defence in Airbnb murder of two, including Windsor woman, points trial finger at pal"
56.27990072000941,12.04875949654079,"Denmark","Essex-Windsor Emergency Medical Services warns of problems with 911 calls in 519 area code"
45.129327857262226,-74.79869108645,"Canada","More than 20 dogs removed from Merritt property as rescuer criticizes city officials"
45.08647982304209,-76.57009293707623,"Canada","More military arrive in Pimicikamak Cree Nation to assist amid water issues"
56.263742275222185,11.873362128136183,"Denmark","Heritage minister says hockey romance &#8216;Heated Rivalry&#8217; is a Cancon triumph"
45.218514494997336,-75.3586542322175,"Canada","Evan Solomon Wants Canada to Trust AI. Can We Trust Evan Solomon?"
45.88560536893999,-76.63943903603308,"Canada","Everything Costs More Because the Algorithm Says So"
45.574519125468434,-76.68573670738522,"Canada","The End of the Legault Era"
45.444210230495365,-75.45750968068454,"Canada","Inside the Stunning Collapse of the Quebec Liberal Party"
44.559089120425014,-76.63080508138738,"Canada","Fort McMurray: Shopping time!"
44.78740689544948,-76.69934168924732,"Canada","Hatred on an Alberta golf course"
44.663577525249664,-76.64841334816572,"Canada","The video: Lelu Island: &#8220;They will come.&#8221;"
44.58410900346231,-75.98710310826183,"Canada","Hundreds of thousands of Quebec public sector workers vow further strike action"
46.307550532682626,-75.15781935775796,"Canada","Saving Palestinian lives will save Israeli lives"
45.887554225723335,-75.86228125475532,"Canada","François Legault resigns as Quebec’s premier with election approaching"
45.35458572706149,-75.77251848822705,"Canada","China urges Canada to break with U.S. influence ahead of Carney’s visit"
45.099241783428354,-76.38582028088317,"Canada","Carney to meet with Coastal First Nations on major projects, conservation"
55.11911511353048,13.123401193429517,"Denmark","Don't put anything past Trump: We've seen such imperial ambition before"
55.910388972545036,12.690003183331694,"Denmark","Posthaste: Trump should be worried about his own oil industry as he mounts push in Venezuela"
55.673470531928814,13.132982850220168,"Denmark","BEFORE I GO Has Revealed Its Release Date Along With a Trailer"
55.6949682078626,12.218396755667463,"Denmark","Battlefield 6 and REDSEC Extended Its Season 1 and Revealed Season 2 Launch Date"
56.59122464064295,13.316257418623481,"Denmark","Wizard101 Casts Its Spell on Nintendo Switch Today"
55.45149135796369,12.024021341489007,"Denmark","Night Hike Will Begin Its Journey on Steam in Q4 2026"
56.32802683348448,13.28788053498361,"Denmark","Why François Legault is pulling a ‘Justin Trudeau’ and resigning in an election year"
54.969838593483686,11.908346203514432,"Denmark","Everything you need to know about workforce adjustment"
45.00043486262688,-75.67486141119294,"Canada","Thousands of 210-million-year-old dinosaur footprints discovered in Italy"
45.90687159193524,-75.7101835095988,"Canada","Wegovy won&#8217;t be in Canadian public drug plans as Novo Nordisk refuses talks"
46.11019844451231,-75.42838043777256,"Canada","Be wary of AI-powered toys during holiday shopping, experts warn"
54.93646861857891,13.31200042796302,"Denmark","CFL commissioner Stewart Johnston happy with revenue, expects 2026 salary cap announcement soon"
54.79321757765744,12.056346944019754,"Denmark","CFL commissioner Stewart Johnston denies pushback to structural rule changes, won&#8217;t consider r"
55.671364552495334,13.312185740128722,"Denmark","CFL commissioner Stewart Johnston bullish on expansion, would love tenth team by 2030"
44.950496809624205,-75.7290181922544,"Canada","Golden Knights&#8217; Marner lines up for crisp power-play goal"
45.593639217011905,-75.09792081026659,"Canada","Raptors&#8217; Jamison Battle exits vs. Pacers with ankle injury"
54.75046254182168,12.917292043619607,"Denmark","India warns Apple it will proceed with antitrust case after company plays for time"
55.11702735239702,11.624202703252529,"Denmark","Districts warn of ‘catastrophic flooding’ without urgent funding boost"
54.79139804056002,11.652163097533355,"Denmark","Europe allies begin Greenland military mission as Trump says US needs island"
56.15288077348369,12.259702971181724,"Denmark","Syria&apos;s use of force against Kurdish-led SDF seems an option, Turkey says"
56.07051922150086,12.124956598891336,"Denmark","Shadow justice secretary Robert Jenrick sacked over defection plot"
55.44536025760085,12.950120894261783,"Denmark","Time to look at banning under-16s from social media, says Streeting"
55.37665563897055,12.599179671981442,"Denmark","Alaska woman appeals voter fraud charges in case that puts spotlight on status of American Samoans"
55.402627527019675,11.732535856531374,"Denmark","Portage strikes deal to manage Point72 Ventures FinTech assets in Steve Cohen and Goldman Sachs-back"
55.28485506602423,12.95180134582553,"Denmark","What Canada’s AI strategy gets wrong about sovereignty"
55.52449924684955,12.050687589621386,"Denmark","Ssense founders’ bid to buy back company successful, pending approvals"
55.56458970249375,13.306347335381892,"Denmark","Flare uncovers phishing campaigns scamming Canadians with fake toll and parking violation texts"
55.1862417832316,12.178331638685371,"Denmark","CanLII and Caseway AI reportedly moving towards settlement in copyright dispute"
55.367603552891836,12.057929861682881,"Denmark","McRock Capital closes $120 million in third fund, backing industrial software startups"
55.912448812311446,13.519983680787638,"Denmark","Cineplex offering free popcorn this weekend for National Popcorn Day"
45.623526018496186,-75.43156124187448,"Canada","Ottawa using AI to review public comments on its AI strategy"
45.518466640208786,-75.43674142560151,"Canada","Netflix set to buy Warner Bros studios, streaming unit for US$72B"
45.92028036267673,-76.40396345446379,"Canada","Ottawa&#8217;s &#8216;refreshed&#8217; AI strategy delayed to next year, minister says"
55.926644849422715,13.46171464027234,"Denmark","The Beauty&apos;s Evan Peters, Rebecca Hall React to Bella Hadid&apos;s Role"
55.08013679724555,13.468960875366765,"Denmark","Evan Peters Gives Update on American Horror Story With Ariana Grande"
55.57652435752088,12.687340816960448,"Denmark","New Real Housewives Ultimate Girls Trip Cast Revealed"
55.265256747135744,12.344930870961653,"Denmark","Gisele Bündchen Hints at Name of Baby With Husband Joaquim Valente"
55.18965485805165,12.89750404989576,"Denmark","Masked Singer Sends 3 Stars Home—Including “Canceled” Celeb Couple"
55.43412882148803,12.640260347401048,"Denmark","2026 Activewear So Cute, You’ll Actually Want to Work Out"
55.6212568956702,11.661120953835116,"Denmark","Maralee Nichols Shares Rare Photos of Her, Tristan Thompson&apos;s Son Theo"
55.878824147351544,12.163533002896534,"Denmark","Tom Brady Shares Update on His Personal Life After Alix Earle Outing"
55.541519274119366,13.0594489302276,"Denmark","We Found the Cutest Kate Spade Outlet V-Day Wristlet for Only $29"
55.34520083487974,13.501167152430245,"Denmark","Meredith Hayden on Her ‘Showstopping’ Galentine’s Day Must-Have"
56.090470506755416,11.580423007361558,"Denmark","Céline Dion & Sons Send Message to René Angélil Decade After His Death"
55.601723783149325,13.183770181541416,"Denmark","Jenna Bush Hager Unveils New Role at NBC After 16 Years on Today"
56.52718783861885,13.215318255270404,"Denmark","NASA Astronauts Begin First-Ever Medical Evacuation of Space Station"
55.0090791706757,13.173400042028737,"Denmark","Married At First Sight’s Nicole and Christopher Thielk Welcome Twins"
55.90795259399045,12.86392312984725,"Denmark","Influencer Sara Bennett Announces Her Own Death at 39"
54.866576410500166,13.377427724035423,"Denmark","Vanderpump Rules’ Lala Kent Suffers ""Oozing"" Boils All Over Her Body"
56.17891860726572,12.207902029919818,"Denmark","UGG & Bearpaw Boots Are up to 30% off at DSW"
56.191611743853336,12.633929104203057,"Denmark","The Best Furniture Pieces & Decor Worth Saving Up For (Trust)"
54.68493128034248,11.665075730832717,"Denmark","Lola Sheen Addresses Claim She&apos;s Dating Sami Sheen&apos;s Ex-Boyfriend"
55.97078189441757,12.161645213456861,"Denmark","Todd Chrisley and Julie Chrisley Give Update on Chloe Chrisley"
54.691572584481,12.370149005529862,"Denmark","Stranger Things Doc Director Addresses ChatGPT Claim Against Duffers"
55.859113375013486,11.632979214394263,"Denmark","The DedCool X OUAI Laundry Collab Will Make Your Sheets Smell Amazing"
56.28742004528998,12.557739499535092,"Denmark","Jason Kelce, Travis Kelce&apos;s New Career Venture: Everything to Know"
54.89448198766193,11.815450372286575,"Denmark","David Harbour Details ""Intense"" Treatment Amid Mental Health Journey"
55.24577427355488,12.423518540278224,"Denmark","Heated Rivalry&apos;s Connor Storrie Gives Heart-Racing Update on Season 2"
55.929788219874276,12.036600128452738,"Denmark","Robert Irwin Reunites with Witney Carson in Australia After DWTS Win"
44.93719663147991,-75.01470306381741,"Canada","Kiefer Sutherland arrested after allegedly assaulting ride-share driver"
46.132393357110374,-75.78587134480208,"Canada","Timothy Busfield surrenders to police after accusations of child sex abuse"
46.06379274499523,-75.75710628644363,"Canada","Katy Perry shares batch of &#8216;holidaze&#8217; pictures with Justin Trudeau"
46.2942049384849,-76.21228936648008,"Canada","Anthony Mantha and Erik Haula: targets circulating for the Canadiens"
46.050192959168115,-76.11463511837889,"Canada","Blake Coleman in Montreal: Elliotte Friedman pours cold water on the rumors"
45.44809312369149,-76.18849260057334,"Canada","See how the Seahawks became the favorites for the Super Bowl"
55.104564112654046,13.296777473603736,"Denmark","Flipkart–Walmart Deal: SC Upholds India’s Right to Tax Tiger Global’s $1.6 Billion Exit"
56.118906270492104,12.231482380245973,"Denmark","Mamata Banerjee Allegedly Seized ED Officer’s Mobile During Kolkata I-PAC Search: Agency to SC"
56.67519946044763,12.463215143694024,"Denmark","Kashmiri Parents Urge Government to Bring Students Back from Iran Amid Rising Tensions"
56.4116470896502,12.159898560617698,"Denmark","Ganga Sabha Advocates for Ban on Non-Hindus at Uttarakhand Ganga Ghats Including Media and Officials"
55.37171424086761,12.006888013850528,"Denmark","Calcutta High Court Disposes TMC Plea On ED Raids, Agency Denies Seizing Poll-Related Data"
55.579676587699225,12.64605619495552,"Denmark","Zubeen Garg Was Severely Intoxicated, Declined Life Jacket, Singapore Court Told"
55.49746877935808,12.8574136621519,"Denmark","What Is Kenjutsu? PM Modi Congratulates Pawan Kalyan on Rare Induction into Ancient Japanese Martial"
55.31065948786329,13.242490151965944,"Denmark","Rats Near Oxygen Lines As Patients Lie On Bed: Disturbing Video From Govt Medical Hospital Sparks Ou"
55.504020370682426,12.847399566886232,"Denmark","MEA Issues Travel Advisory For Indians Travelling To Iran Amid Unrest; Here’s What It Said"
55.50038537038417,12.828908133605317,"Denmark","Bhopal Slaughterhouse Closure After 26-Ton Beef Seizure Highlights Governance"
56.579038131531824,12.288377837691826,"Denmark","“Bear a Child, That’s Your Job”: DMK MP Dayanidhi Maran’s Remarks on North Indian Women Spark Outrag"
54.780698146982175,12.749000796725507,"Denmark","Bhagwant Mann Govt Pledges Full Support To Every New Business Idea, Urges Youth To Become Job Creato"
52.47574077158577,-0.1655076584953351,"UK","'An attack on women's dignity': Walls whitewashed after silhouettes defaced in Indian city"
52.09809239760654,0.5448078822370522,"UK","Families grieve toxic tap water deaths in Indore"
51.10820778826762,-0.048358072167462685,"UK","Toxic air, broken roads and unpicked rubbish - why India's big cities are becoming unliveable"
51.47503418442243,0.46920054420902246,"UK","India's first gene-edited sheep just turned one. How's it doing?"
56.31817105312561,11.675605140886754,"Denmark","Moscow expels UK diplomat, cites intelligence activities"
55.335285015512646,12.943654352238447,"Denmark","Magh Mela 2026: Pilgrim rush surges on auspicious Makar Sankranti"
55.08963835303045,12.469514653370354,"Denmark","Uddhav Thackeray seeks action against election officials"
56.67384706511794,12.025770185463763,"Denmark","Mumbai civic polls heat up as Fadnavis, Thackeray brothers trade barbs"
56.031611711438444,11.74354452738731,"Denmark","China signals reset with Canada as Carney begins Beijing visit"
56.537736191702216,12.904629134426518,"Denmark","China bans cybersecurity products from top US, Israeli firms"
56.39753278074656,12.443816757303743,"Denmark","Supreme Court to rule on Tiger Global Flipkart tax dispute"
56.11132591546164,13.325919747218684,"Denmark","Finance Ministry launches ₹20 lakh Paripoorna Mediclaim Ayush Bima for CGHS beneficiaries"
54.99328237050098,11.673383725405612,"Denmark","PMKVY 4.0: Maharashtra sees a sharp rise in trainees, but funding fluctuates"
56.320518654947726,13.530603987981166,"Denmark","High stakes in civic polls as BJP targets Thackeray hold on Mumbai"
56.303746608265406,12.242410342094507,"Denmark","Power signals and protocol slips add to Karnataka Congress reshuffle talk"
56.52296070237555,13.513341796550533,"Denmark","Framework for secured military drones in final stages of MoD nod"
54.83728069047512,13.368684606930932,"Denmark","Alstom wins €62-m contract from Railways for upkeep of  WAG-12B locomotives at Sabarmati depot"
56.380851481114846,12.202421120528298,"Denmark","Nutraceutical exports to US impacted by tariffs, says Sanjaya Mariwala"
56.50983739122341,12.493226442897146,"Denmark","42 GW of renewable energy projects stalled without offtake deals, posing risk to India’s 2030 goal: "
56.019864067342894,13.55137000220965,"Denmark","Shapoorji Pallonji case: Bombay HC orders ED to share interest with armed forces welfare fund"
55.86693679751781,11.652495541308165,"Denmark","Venezuela begins reversing oil output cuts as exports resume, sources say"
28.487561074860185,77.88591468649605,"India","We are preparing for future wars; indigenisation key for self-reliance: Army Chief"
28.86286055220334,77.99992642813532,"India","BSP to contest all elections alone, including 2027 U.P. Assembly polls: Mayawati"
28.571287556487743,77.3215334185952,"India","Maharashtra civic polls LIVE: Over 41% voter turnout for BMC election till 3.30 p.m.; videos of remo"
29.142583521118947,76.41684082813727,"India","CPC delegation meets Left leaders in Delhi"
27.63605363450002,76.24709152115013,"India","Indore water contamination: Medical panel pegs death toll at 15"
29.137087633138933,77.65376170544178,"India","Political parties make pitch for 2027 Punjab election at Maghi Mela"
29.460043676286812,77.73393498185646,"India","CM instructs officials to expedite projects, complete them by Feb."
28.130931107413147,76.72484435830106,"India","Lokayukta registers case over large-scale government land scam in Nagamangala taluk"
29.46306618966185,77.50299474632583,"India","Bakeries association demands crackdown on fraudsters, rowdies; submits petition to Home Minister"
28.3291424562967,77.89234614921455,"India","BSF, ITBP and NIA get new chiefs"
55.83073730802709,13.56824970574544,"Denmark","Saudi-Pakistan-Turkey Military Superalliance: Is This The New ‘Islamic NATO’?"
54.70279792577164,11.589302367544452,"Denmark","‘Killings In Iran Have Stopped’: Is Donald Trump Changing The Story To Dodge War?"
56.074044327445925,12.115717468318762,"Denmark","‘We Are Allies, Not US Property’: Denmark Fires Back At Trump’s ‘Conquering’ Greenland Claims"
55.960920345683,11.867676980688607,"Denmark","No More Friendship Between Iran-Pak? Weapons, Refugees And 909 KM Border - Inside Tehran's 'Destabil"
56.187226769826864,12.287265782156222,"Denmark","Issue of Sri Guru Granth Sahib Ji&#8217;s Saroop &#8211; Who Are The Real Culprits?"
56.007688979750405,12.14432192167453,"Denmark","Where Are Missing Saroops of Guru Granth Sahib: Analysing SGPC&#8217;s Reactions, Response &#038; Ac"
56.569392630798184,12.775537112530365,"Denmark","Why Akal Takht Sahib Acting Jathedar Suddenly Announced to Honour 11 Sikh Personalities"
56.05897344967703,13.114563278065019,"Denmark","Guru Khalsa Panth&#8217;s Claim of Patshahi (Sovereignty) and Western Secular Philosophy"
54.815093782551706,12.527228107817717,"Denmark","PM Modi inaugurates 28th Conference of CSPOC in New Delhi, ensures creating open-source tech platfor"
56.49990850273822,13.53401462802961,"Denmark","Himachal Pradesh Tragedy: Six people burned alive after fire breaks out in 'chula' in Sirmaur distri"
54.789936264825506,12.431038829433929,"Denmark","Ali Khan, Pakistan-born USA pacer denied Indian visa ahead of T20 World Cup? USA Cricket official re"
55.69729461743668,12.160486444144654,"Denmark","Kremlin Warns Ukraine Is Running Out of Time to Accept Russia’s Peace Deal"
56.11261730555921,11.914776109635607,"Denmark","I-PAC Raids: SC Notice To Bengal Govt; Stays FIR Against ED Officials"
55.89584081731815,13.15859979811798,"Denmark","British Diplomat Expelled From Moscow Embassy Over Spying Claims"
56.30444606339843,13.520577256351213,"Denmark","CID Requests Videos, Photos From Public in Ballari Case"
55.31101611148299,11.709059477155668,"Denmark","BSP To Contest All Elections Alone, Including 2027 UP Polls: Mayawati"
55.788697605204675,11.865113259822609,"Denmark","Trump Reiterates Desire For Greenland Following High-Stakes Meeting"
55.817805992317176,12.350068360025222,"Denmark","X Implements Tech Measures To Prevent Grok From Generating Sexualised AI Content"
56.306382382906094,13.272807525179353,"Denmark","RCMP Alleges Bishnoi Gang Acted on Behalf of Indian Government"
56.35195106036143,13.150117269925431,"Denmark","Iran State TV Airs Threat Against Trump Amid Protest Uprising"
27.794443484849456,78.05198456081811,"India","Pakistan army “equally ready” for conventional war: Raheel"
27.771068894669025,77.41208654415283,"India","Sri Lanka’s Tamil leaders reject Mittal’s ‘overpriced’ steel houses for the war-hit"
27.900989079045072,78.06866983331793,"India","UAE-based Indian girl in International Children’s Peace Prize race"
29.337922221628197,76.78055198565526,"India","Bodies of Karachi airport attack militants to be exhumed"
28.237405826372655,76.99057229018592,"India","Amended Nepal statute to address Madhesi demands soon: Deuba"
27.96237315179834,76.35522894881385,"India","Nikki Haley to meet Trump, could be Secretary of State"
28.522641357038378,77.19499920249726,"India","Panama Leak: Qatari prince comes to rescue of embattled Sharif"
29.0981266846785,77.14859713552603,"India","Indian firing at LoC killed seven soldiers, says Pak."
28.2295815886278,76.37193774700506,"India","Islamic State group flourishes and recruits in Pakistan"
28.613362621741203,77.55736686259023,"India","Afghan parliament sacks three Ministers for poor performance"
29.28950510502385,76.94370269629692,"India","‘Important first step taken to resolve fisheries conflict’"
29.599988675007378,77.30769134211633,"India","Taliban attack on German consulate kills 2, injures 100 in Afghanistan"
28.79504688665212,77.25325118535767,"India","Pakistan deports National Geographic's iconic 'Afghan Girl'"
29.133919538744372,76.49974184726,"India","Primary health care gets a boost as govt. launches 81 Ayushman Arogya Mandirs"
28.153987188228655,76.4783861878953,"India","BMC election: Thackerays hit out at SEC over move to use new counting units"
27.788433285261927,76.29700424403084,"India","After talks with Minister, secondary grade teachers halt protest"
28.795153136288214,77.76010112651538,"India","29 Maharashtra civic bodies go to polls; Mumbai is big prize"
28.246726141306006,76.23032436936948,"India","Uncontested victories in Mumbai local polls valid under the law: Bombay High Court"
28.761725233017046,76.75548783984691,"India","Marriage halls seek reduction in GST rates, power charges"
50.616728519371655,0.3302758759346237,"UK","India will grow in 2026, but will Indians be better off?"
51.13282060923405,0.41551391350777267,"UK","Has India truly entered a higher growth phase?"
51.23178645993985,-0.3958410628473784,"UK","EU to launch carbon border tax despite opposition from trade partners"
52.21214863911527,-0.713945824437544,"UK","India’s billionaires struggle to woo Trump"
51.47524061930616,-0.8648758139270912,"UK","Modi turns his focus to reforming India’s economy"
51.150090476302346,0.8400888508598062,"UK","India’s bid to rival the Chinese navy"
51.38071055426538,-0.08574066885937726,"UK","India’s parliament clears full foreign ownership in insurance"
50.965149606434494,-0.9809863196135945,"UK","What IndiGo’s airport chaos says about Indian aviation"
51.83648670729741,0.372103919731296,"UK","India’s airports in chaos as largest airline cancels over 1,000 flights"
56.328129160965034,11.591124616284095,"Denmark",""
55.724341405785445,13.382651022441031,"Denmark","SEBI May Explore Regulating Unlisted Share Market: Tuhin Kanta Pandey"
55.437743132611786,13.076551094526547,"Denmark","Markets Closed For BMC Elections, Zerodha CEO Nithin Kamath Calls It ‘Poor Planning’"
56.652685493049376,13.004652899554271,"Denmark","Can Zero-Tax Threshold Be Extended To Over 14 Lakh Instead Of Rs 12 Lakh Under New Tax Regime? Expla"
55.18238300433719,12.504203267559955,"Denmark","South Korea's Auto Exports Hit Record $72 Billion In 2025"
55.61832023421084,13.038022276069762,"Denmark","Despite Govt's Persuasion On Discontinuing 10-Minute Delivery, Can Groceries Still Arrive Fast?"
54.82363189187181,13.084327861716238,"Denmark","Over 40 Lakh FASTag Annual Passes Sold Within Few Months: Govt"
56.38583177538041,13.393446738458909,"Denmark","What are Trump’s military options for an attack on Iran? - Al Jazeera"
55.44537449917605,12.93217120922307,"Denmark","Budget 2026: How can FM Sitharaman make New Tax Regime better? Deductions, tweaks and more — What ex"
54.98174110196638,11.58125038573879,"Denmark","'He Seems Nice, But...': Trump Stops Short Of Endorsing Reza Pahlavi, Says Iran Regime Could Fall - "
54.77301189708673,12.679075433928823,"Denmark","Trump Assassination Threat: Iran dramatically raises the stakes with its state TV issuing direct war"
56.362027415711005,12.60849884713113,"Denmark","Oil Prices Plunge 3% as Trump Plays Down Prospect of War With Iran - Crude Oil Prices Today | OilPri"
55.63107082474605,12.54683179411107,"Denmark","Military surveillance–the new lucrative front for India’s space startups"
56.56781260428264,12.65993387889391,"Denmark","Mercedes-Benz will stick to top-end luxury cars even as BMW closes in"
55.99929655652373,12.381502520471559,"Denmark","Saks Global bankruptcy comes two years after Neiman Marcus acquisition: List of major US retail gian"
56.29040282354288,12.709896683476881,"Denmark","Sharad Pawar becomes new ICC president"
56.128484397196075,12.59140299435468,"Denmark","Bima Lokpal called and asked me to claim a refund for a lapsed insurance policy. Is this fraud?"
54.95967359879039,13.015276284181288,"Denmark","Another octogenarian loses  ₹96 lakh in a ‘digital arrest’ case: How to stay clear of such frauds?"
55.790984821825774,12.229242245048626,"Denmark","Why India's savings culture serves everyone except the saver"
56.41682666199954,12.08929826316431,"Denmark","IDFC First Bank launches Zero Forex Diamond Reserve Credit Card for global travellers. Details here"
56.38801121604872,12.882431871097165,"Denmark","Bank holiday today, 15 January: Are banks open or closed today for Pongal, Maharashtra polls? Get st"
55.9169866101379,12.76411745801557,"Denmark","China, wary of global unrest, is keeping the oil market afloat"
56.31834544198486,12.08163793361372,"Denmark","Rohit Jain takes charge of Lionsgate Play in Starz Asia reset"
55.76582785185797,12.82315771615054,"Denmark","India’s deep-tech funding shift: Patience, patents, and big bets"
56.34363000722354,13.52279015357514,"Denmark","Huff and puff: The making and stalling of India’s herbal cigarettes market"
27.94453989759059,76.8858383565121,"India","Doctors warn of deadly consequences among US kids as Trump, RFK Jr fuel vaccine rollbacks"
29.45952010301194,76.69506772906014,"India","Extreme asymmetry: Doctors warn after influencer spends 300 days training only one shoulder"
27.935535769577733,77.98027868213876,"India","‘Something’s tightening under my skin’"
28.172387835989007,77.30645608927826,"India","Baby formula recall across multiple countries: Safety concerns and symptoms to watch"
28.290560734792486,76.66651814450483,"India","U.S. drastically revises childhood immunization schedules; moves away from universal recommendations"
28.53348554290678,78.03127658023217,"India","5 simple neck exercises to ease stiffness and restore mobility"
28.624343528997827,77.39776439200531,"India","Not junk or processed fare, rather, this is the most harmful food for your liver; here's what you ne"
51.93443506377919,-0.40639735977437363,"UK","From behind bars, Aung San Suu Kyi casts a long shadow over Myanmar"
51.18251938288077,-0.43047265905877785,"UK","US approves sale of Nvidia's advanced AI chips to China"
52.267646068368755,-0.7254457421589026,"UK","Prosecutors seek death penalty for ex-South Korean president Yoon"
52.20634302769017,-0.6355477268017095,"UK","BTS stand to make $1bn as they announce mammoth comeback tour"
52.50913027280129,-0.8251959359793158,"UK","How Australian festival imploded after axeing Palestinian author"
28.876460533236987,77.90497331783374,"India","WHO asks governments to significantly strengthen taxes on sugary drinks, alcoholic beverages"
27.655056938353184,77.2667580111791,"India","Centre steps in as two Nipah cases detected in Bengal"
28.125973985706676,77.70842011418125,"India","At 145, Mizoram recorded six-year high TB deaths in 2025"
28.474432233744487,77.17089164502191,"India","Indore water contamination deaths: Blindspotting in India’s cleanest city"
29.206698247112186,76.83030910884263,"India","Marathon held to create awareness on drug abuse"
28.31508595674918,78.1271638193206,"India","Spotlighting sarcoma, a cancer that is talked about too little"
29.094276073844,76.2829168074183,"India","Poor logistics, lack of protocol during VIP convoy duties leave T.N. government doctors in the lurch"
29.183409674502528,78.0706315088451,"India","Watch: U.S. and Australia issue alert on fake anti-rabies vaccine in India: what you need to know"
28.087775121500584,77.16612136407304,"India","Some food preservatives linked to higher cancer, diabetes risk"
28.18003523381483,76.45661354443315,"India","Why awareness about folic acid to prevent spina bifida must become a public health priority"
28.130594855556108,76.86259148062572,"India","What an edible insects stall revealed about acceptance, ‘normal’ food"
29.32744007896585,77.2237922853418,"India","Astronaut Shukla urges youths to own dreams for India's space missions"
29.172080053514158,77.46236914165836,"India","DRDO achieves breakthrough in hypersonic missile development with long-duration scramjet test"
29.174129754474496,76.53098347081429,"India","Trump withdraws U.S. from key climate treaty, deepening global pullback"
55.346298319038674,12.765968126215947,"Denmark","Why the $7Mtrust wallet hack should worry the entire industry"
55.64019857258795,12.04461029812537,"Denmark","Trust wallet's $7M extension breach shows why software pipelines are the new attack surface"
56.14978163162612,12.594584058454252,"Denmark","Elon Musk issues BIG warning to Grok users, cracks down on illegal content, CASM: 'They will suffer "
54.79400203553737,13.32982866896212,"Denmark","Beware WhatsApp users! A new scam can now hack your account; Here's everything you should know about"
55.569523176527696,12.903852106829337,"Denmark","Indian rocket hits snag during launch"
55.70413662566247,11.965945812586604,"Denmark","India hunts rampaging elephant that killed 20 people"
56.27380185392127,12.373905390471423,"Denmark","Sri Lanka seeks Chinese aid to rebuild after deadly cyclone"
54.95751291672103,12.112124986676479,"Denmark","SDA expands Tracking Layer satellite awards and related missile defense contracts"
54.736264253166894,12.058837596749065,"Denmark","Drones dive into aviation's deepest enigma as MH370 hunt restarts"
55.90879997353035,12.623717647893823,"Denmark","India space agency launches its heaviest satellite"
56.67896261511965,12.05772937741864,"Denmark","India's parliament passes bill to open nuclear power to private firms"
56.51503250341828,12.791833058556033,"Denmark","Kohli: 'Back myself to counterattack than just playing the situation'"
55.28049825380801,12.047321130807774,"Denmark","Bangladesh bans IPL broadcast over Mustafizur row"
55.587794004274755,12.41010079748275,"Denmark","Kohli breaks a Tendulkar record, Rohit catches up with Warner"
54.83575457767863,11.705330536595898,"Denmark","Cameron Green becomes most expensive overseas player in IPL; uncapped Indians go big"
55.601458593857515,11.929824011736647,"Denmark","ICC Clarifies Bangladesh’s Concern, Says ‘Full Confidence In Security Arrangements In India’"
56.19088766703505,11.726222125227814,"Denmark","T20 World Cup Row: ICC Eyes Bangladesh, Not Sri Lanka, for Alternative Venues"
55.26312144150844,12.408780449709415,"Denmark","Virat Kohli Shares Heartwarming Moment With Young Lookalike Fan, Here's What He Said"
55.96341305788627,12.448190457308474,"Denmark","Nigeria's Africa Cup Quarterfinal Preparations Hampered by Unpaid Bonuses and Osimhen Dispute"
54.76567187082843,13.56611199379212,"Denmark","Boxers Encounter Logistical Challenges as Accommodation Issues Arise at National Championships"
55.996889850395235,12.317764833946917,"Denmark","Bangladesh Cricket in Turmoil as Players Revolt Against BCB, Boycotss BPL 2026, 48 Hours Ultimatum G"
28.10715156164815,77.87465943030136,"India","HIL seeks Government support for better turnout in its last leg in Bhubaneswar"
27.878878408575915,77.08090911716444,"India","Manchester United crashes out of FA Cup as club weighs up candidates for interim coach"
54.94923857572966,11.635553968232733,"Denmark","Tech Gifts That Spark Joy: Top Picks for Christmas & New Year 2025"
29.176305609823252,78.10530854160592,"India","No demand for source code, say phone makers"
29.5967066784416,77.65354860864102,"India","Elon Musk says unaware of Grok generating explicit images of minors"
27.86820264921184,76.68149387521264,"India","American scientist Toby Kiers wins Tyler Prize for shedding light on hidden fungal networks"
28.721480134604164,77.49981187103552,"India","Venezuelans regain access to social network X after yearlong block"
29.24289689493336,77.78746714161485,"India","2025 was third warmest on record, says European research institute"
29.024914054750077,76.24380095272676,"India","Meta names former Trump adviser Dina Powell McCormick as president and vice chairman"
27.91467977348448,78.11281768249313,"India","Nothing to open its first flagship retail store in India soon"
27.785370397987926,77.5242698535394,"India","Grok AI issue: X ‘accepts its mistake’, assures it will comply with Indian laws, say government sour"
29.560417824018167,76.78445289948806,"India","Centre proposes smartphone makers give source code in security overhaul"
56.07888644514588,13.080127838478086,"Denmark","Trevor Noah to Host the 2026 Grammy Awards for the ‘Final Time’"
55.75621812403094,12.84180812717737,"Denmark","Rolex Online Casino"
29.275300129110626,78.06901322410076,"India","Doomsday vs Dune 3: Robert Downey Jr CONFIRMS clash"
29.309832887653133,77.04299979474253,"India","Producer Madhu Mantena and Ira Trivedi announce pregnancy"
28.665824566802478,77.40452082120015,"India","'Ek Din' first poster out: Sai and Junaid's soft romance begins"
29.3102770364122,76.5832226924085,"India","Mohanlal and Tharun Moorthy to reunite: Deets inside"
55.01880921939655,12.508609954666502,"Denmark","6-Minute 39 Seconds Viral Video: Is there an ORIGINAL clip related to Pakistani influencer Fatima Ja"
56.304148276279726,13.038068372609992,"Denmark","Border's Sandese Aate Hain to Mohabbatein's Soni Soni: Bollywood songs that have THIS thing in commo"
55.82531538503147,13.178219836526281,"Denmark","Akshay Kumar proves humanity still exists by helping girl in debt, netizens hail him: 'Salman Khan a"
55.056290186693914,13.490905359148151,"Denmark","Who is Emraan Hashmi’s wife Parveen Shahani? A look at interfaith marriage and son’s cancer battle"
56.45196577845405,12.465204161970401,"Denmark","Karan Aujla and MS Gori Controversy Explained: Here's all you need to know [Video]"
54.842004117755934,13.111225823967828,"Denmark","Bigg Boss Kannada season 12: Ashwini, Kavya or Dhruvanth; who is likely to be eliminated in mid-week"
56.37042635862528,13.145652797444324,"Denmark","Border's brief star: How Jaate Hue Lamhon actress Sharbani Mukherjee left a LASTING mark among audie"
54.68643970177801,11.835268542373816,"Denmark","Amazon Prime Video’s In-Transit nominated at 37th GLAAD Media Awards; producers Zoya Akhtar and Reem"
55.198083188187255,13.100259758682881,"Denmark","Sonu Sood donates Rs 22 lakhs to cow shelter in Gujarat"
55.85716302084658,13.096327451170078,"Denmark","Mukesh Bhatt clarifies Awarapan 2 date shift not due to Dhurandhar 2, Toxic competition"
54.73196316850706,12.215581386379545,"Denmark","Grammy winner John Mayer's Mumbai concert postponed due to 'unforeseen circumstances', show to now t"
56.28130944191514,11.84250426700983,"Denmark","Darbhanga’s Last Queen Kamsundari Devi, Who Gifted 600 Kg Gold To Army During 1962 War, Passes Away"
56.619045211431384,11.905541233539173,"Denmark","`President Of India, Delhi CM Are Women`: At Commonwealth Speakers Conference, PM Modi Hails Indian "
55.110623745427134,13.472405245635734,"Denmark","Is Indelible Ink Really Getting Erased In BMC Elections? Sena Leader Sound`s Alarm"
55.239854868063205,11.629262681515545,"Denmark","BMC: Asia`s Richest Municipal Body, Budget Higher Than GDP Of Many Countries - Check Where It Spends"
55.58596823747313,13.127380127935833,"Denmark","Between Devil And Deep Sea: Iran Turmoil Leaves Pakistan Cornered"
55.592606418594535,11.750974875234888,"Denmark","Viral: Bengaluru Man Runs 26 Km For Girlfriend’s 26th Birthday, Internet Says He’s ‘Setting Standard"
55.526709027517605,13.082379343502312,"Denmark","Rajnath Singh Greets Indian Army On 78th Army Day, Hails Soldiers `Indomitable Courage And Sacrifice"
55.671820531922656,12.996898726970157,"Denmark","BMC Battle Becomes High-Stakes Test For Fadnavis And Uddhav Thackeray"
27.999087432626613,78.06977635662275,"India","Bose Krishnamachari resigns from Kochi Biennale Foundation"
29.4254895823723,77.28025970385653,"India","I&B Ministry collaborates with Netflix for project"
28.24610749128741,77.02438963269549,"India","Karur stampede case: CBI again summons TVK president Vijay on January 19"
29.09486698351213,76.46367402130355,"India","‘Attack on Tamil culture’: Rahul Gandhi accuses I&B Ministry of blocking Jana Nayagan"
51.57419040856178,-0.9180585906688307,"UK","Delusions of Paradise by Maiwand Banayee review – a compelling rejection of fundamentalism"
52.319311498423254,0.2826032073079595,"UK","Ugandans to vote in election expected to extend Museveni’s four-decade rule"
50.62855396294876,0.017222080401114392,"UK","Trump administration ends temporary protected status for Somalis in US"
51.834651767014364,-0.2044356390245411,"UK","Quarter of developing countries poorer than in 2019, World Bank finds"
50.88142418370207,-0.6291018530583102,"UK","Venezuela regime claims release of political prisoners is sign of new era"
50.91501317032957,0.08313855844415297,"UK","At least 32 killed as crane collapses on train in Thailand"
52.117618664716055,-1.0226807984720874,"UK","China reports record trillion-dollar trade surplus despite Trump tariffs"
50.756889322882024,-0.7011218968362983,"UK","South Korean prosecutors demand death penalty for former president Yoon Suk Yeol"
51.40929589106532,-0.7130034160995159,"UK","BTS announces return with new world tour in 2026 and 2027"
52.34204571622033,-0.40717172783170785,"UK","Person taken to hospital after ingesting hand sanitiser supplied by Australia’s largest privately ow"
52.234301437557775,-0.9518859220051682,"UK","US acquisition of Greenland ‘absolutely not necessary,’ Danish foreign minister says after ‘frank’ t"
50.803062433581964,0.8494191849173721,"UK","Iran says protester Erfan Soltani not sentenced to death as it reopens its airspace – live"
52.45539240175971,-0.09212041329188791,"UK","Iranian airspace reopens – as it happened"
52.360695983710556,-0.5626214486307229,"UK","Search for single-tusked elephant after 22 killed in India rampage"
51.14400148354004,0.6432179120718081,"UK","Sikh activist in UK told to increase security over Hindu nationalist threats"
52.31029328696542,-0.6280832890505034,"UK","Indian police raid home of environmental activists over anti-fossil fuel campaign"
50.624559569306896,0.5306194023921663,"UK","Robert Jenrick sacked by Kemi Badenoch over ‘clear evidence he was plotting to defect’ – UK politics"
50.832068917678484,0.42600434040378043,"UK","UK economy grew by better-than-expected 0.3% in November despite budget uncertainty"
51.09938477822512,0.5778014659504852,"UK","Musk’s X to block Grok AI tool from creating sexualised images of real people"
56.31651496224637,11.590892628748561,"Denmark","The high street: Britain’s next political battleground?"
52.40463213210878,0.7671178559419353,"UK","Zelensky declares energy emergency as biting cold persists"
51.88458817627721,-0.5064533819992586,"UK","US launches phase two of Gaza peace plan with new technocratic government"
50.958051893600945,-0.9597795325040611,"UK","Trump vows 'very strong action' if Iran executes protesters"
51.43059811323346,0.38619449449016663,"UK","Millions of people to see their local council elections delayed"
52.34472570507934,0.24679281173144207,"UK","Minister 'horrified' police chief still in job"
50.65781600985399,-0.6638753224615691,"UK","Lord Malcolm Offord named as Reform UK's first Scottish leader"
51.05631767858501,0.5497863629445762,"UK","Concern for couple jailed in Tehran as British embassy closes"
50.78195470047311,0.0065912898617702664,"UK","Minister open to mandatory CCTV in taxis to tackle grooming gangs"
51.59468824009449,-0.5356567328525507,"UK","Two Palestine Action hunger strikers end protest after 73 days"
51.379134346007866,-1.1028402790303478,"UK","Chef 'not embarrassed' by one-star hygiene rating at Michelin-starred restaurant"
50.56711136296091,0.6263290344331399,"UK","Chris Mason: The climbdowns stack up for Starmer with digital ID U-turn"
50.54794738962837,-1.128055483986437,"UK","‘A nasty little song, really rather evil’: how Every Breath You Take tore Sting and the Police apart"
51.770145580078456,0.26524056379983374,"UK","More than 20 England council elections likely to be delayed until 2027"
51.68070210539835,0.03806356869949157,"UK","‘The world needs to know what’s happening’: families of protesters killed in Iran tell of heartbreak"
51.56706823531559,-0.18845012302725694,"UK","‘I’ve never felt such a skin-zinging feeling of being alive’: my year of swimming in Nordic seas"
52.18495659895284,-0.34258144624072895,"UK","Elon Musk’s Grok made the world less safe – his humiliating backdown gives me hopium | Van Badham"
52.154407124103685,-0.1585583036833308,"UK","Ukraine war briefing: Zelenskyy declares energy emergency as cities shiver"
50.73781579479708,0.07174788743244276,"UK","Robert Jenrick sacked from Tory shadow cabinet for ‘plotting’ to defect"
52.02119834704693,-0.1174370459887043,"UK","Disability benefits could be reformed to get more people into work, says UK minister"
51.36186008921566,-0.09294083430158528,"UK","Sadiq Khan to warn AI could cause ‘mass unemployment’ in London"
51.46967950241597,-0.19325899664165347,"UK","UK home secretary says she has lost confidence in police chief over Maccabi Tel Aviv fan ban"
50.655500451028544,0.34804804917717724,"UK","UK borrowing costs fall to lowest in more than a year"
52.458972544490386,-0.5663033656251347,"UK","City to fight disinformation that undermines London on world stage"
52.14309153947064,-0.3742674696593268,"UK","City minister in push to boost UK-EU financial services co-operation"
52.07458293829534,0.6437420312704706,"UK","Reeves to unveil £45bn railway upgrade in northern England"
51.13768518468628,0.17010940620428439,"UK","Russia expels British diplomat over ‘spying’ allegations"
52.26187089109098,0.24814091723150467,"UK","Dozens of councils set to postpone May 2026 elections - read the full list"
51.81187033765881,-0.22241667116658148,"UK","'Resign today,' Cabinet minister tells Chief Constable in storm over Maccabi Tel Aviv fans ban"
50.66879840297555,0.5429628353919579,"UK","UK temporarily closes embassy in Tehran"
50.564934685556366,-1.1259884121466328,"UK","Family of 21-year-old paramedic who died in ambulance crash honoured by the King"
51.95116632741759,-0.6730406096451654,"UK","Trump to strike Iran ‘in next 24 hours’ as US and UK military personnel withdraw from Qatar base"
51.84732513446283,-0.13674130166754284,"UK","‘More flexibility and funding needed from London’ to secure Stormont budget"
52.17831183575126,-0.9505714855577959,"UK","War of words breaks out over county's road conditions on National Pothole Day"
51.89846121986631,-0.9718012378348942,"UK","Proposed 'visually intrusive' warehouses set for approval despite mass objections"
51.9960968848188,0.7047433217540607,"UK","Dumping 'getting out of control' after Kidlington pile found"
51.53222414894148,-0.6294265659984571,"UK","The wireless Lakeland gadget that's kept me warm on snowy dog walks for less than 40p"
50.56207318475281,0.5020659130550106,"UK","As DWP Cold Weather Payments land this 6-digit code can beat AI scammers"
50.69970079535816,-0.03853637167713864,"UK","Millions of drivers warned they face hefty fines over common roundabout mistake"
51.13642258762158,0.7605096449011087,"UK","Mountain Warehouse plans to occupy former bookstore floor space"
51.60866933287332,-0.11101306036145575,"UK","Iran fear Trump could launch 'surprise attack' as Tehran backs down over US military threat"
51.53202547725267,0.07554270869132063,"UK","David Hockney says moving the Bayeux Tapestry to Britain is 'madness' as row erupts over £800million"
50.53677777032651,-0.07140312202904886,"UK","My restaurant isn't dirty, food inspectors don't understand sashimi: Michelin-star chef hits back af"
51.24308869565139,-0.29914089019619194,"UK","My sister is morally and criminally wrong: Builder blasts his sibling for 'frittering away' their pr"
50.532397090978264,-0.9699466304366046,"UK","James Corden fights to keep 'illegally' paved wheelie bin area at the front of his £11.5m London man"
51.11216340022071,-1.0146463340566365,"UK","Labour's plans to rebrand 'Islamophobia' as 'anti-Muslim hostility' is 'more dangerous', new report "
52.234460511859076,-0.21570369379879406,"UK","Schoolboy 'white supremacist' who planned attack on synagogue found with weapons and Nazi memorabili"
51.59905533221981,0.700963153613939,"UK","Families living in shadow of four enormous 'supersheds' accuse its 'dystopian' security alarms and b"
51.00811515116435,0.22701357589926807,"UK","Former British soldier who fought for Ukraine but killed himself after being left in agonising pain "
51.364500054442416,0.7151626719796241,"UK","Water disgrace! Taps run dry for a fifth day in a row as 17,000 homes in Kent and Sussex still witho"
50.55266584312552,-0.7160750995223008,"UK","Inside Iran's execution machine: How regime puts prisoners to death on an 'industrial level' with pu"
52.46409579162779,-0.6140434669239291,"UK","Passenger jet is surrounded by cops at Barcelona airport amid 'on board threat' alert after it was '"
51.409139593363754,-0.8433974826915592,"UK","World's biggest offshore wind farm being built off Yorkshire coast - £6bn boost for UK"
51.93772957778506,0.5031875949279078,"UK","Laila Cunningham: 'London is not a Muslim city and I'd like to see Christianity celebrated more'"
51.25372535246145,-0.07099806835933598,"UK","'Vilest form of antisemitism' outside restaurant in Notting Hill condemned in Parliament"
52.10206392193903,-1.1238976052128407,"UK","Reform ‘recycling machine for Tory party’ – Swinney ahead of leader announcement"
51.415654364160574,0.2621350847042486,"UK","O’Neill ‘deeply concerned’ over trajectory of legacy bill"
51.61818917678359,-0.9370416083988263,"UK","West Midlands police boss declines to sack chief constable amid ‘damning’ review"
52.25361903431911,0.10246821236471593,"UK","What are the UK's family and work visa rules?"
50.748194551851476,-0.6016859458598277,"UK","Police appeal for witnesses after councillor&apos;s car goes up in flames in &apos;targeted attack&a"
52.22183789428069,0.8264326730847514,"UK","Men say &apos;warm and crisp&apos; aftershave &apos;turns heads&apos; that&apos;s under £25 for Vale"
54.86209891602952,12.60540573424557,"Denmark","Plans to create more vibrant, attractive town centre in Ayr set for next stage"
56.06483241435212,11.733993151129889,"Denmark","Ban gas boilers in 2035, Scots ministers advised after opinion poll support"
56.23840264753409,12.176721187512555,"Denmark","'Past point of no return': Nurses warn patients are receiving unsafe corridor care"
56.590380004292726,13.311907216465999,"Denmark","Scotland manager Steve Clarke to kick off new salmon fishing season on River Tay"
56.303419021946134,13.04318164787383,"Denmark","Scottish Government set to cut 11,000 public sector jobs in £1.5bn savings bid"
56.17810452443803,11.776816935126647,"Denmark","Scotland's highest-paid university principal announces retirement after sixteen years"
55.52364266532499,12.456656285239234,"Denmark","Government accused of 'eroding' Scottish culture after 'inexplicable' funding blow"
56.27059734744806,12.932565059729843,"Denmark","Protest outside Scottish Labour HQ in Glasgow following overnight graffiti"
55.752797757229246,11.620979407269694,"Denmark","Savings for EV users, but not private jet users. Budget climate hits and misses"
54.829724391279925,13.290429369813591,"Denmark","Scottish entrepreneur lodges hotel plan for demolished brewery site"
56.510613409448254,12.114122088479927,"Denmark","'Astonished': Four years on, no ScotWind project wins contract in UK round"
56.38344196818208,11.912101265116505,"Denmark","Robison blames 'production error' after SNP's A96 dualling vow mistakenly downgraded"
55.18848929661808,12.787343554883094,"Denmark","Russian 'shadow fleet' tanker berths in Scotland to restock 'essential' supplies"
55.147907400000655,12.130839869068389,"Denmark","Scottish Spandau Ballet frontman ‘thanked woman in alleged sex attack'"
51.13378649782466,0.32483987234753176,"UK","I'm ashamed of Sir Keir Starmer, says furious rebel"
52.397349848129274,0.3191281386644541,"UK","UK 'won't back down' in row with Elon Musk's X over Grok sex images, says PM"
51.10627962553136,-0.26450488829740915,"UK","The winners and losers in the Scottish budget"
51.165862675431086,0.04301265440841051,"UK","Scottish government to impose ‘mansion tax’ and private jet levy"
50.5686301706184,0.6094445678296591,"UK","Starmer signals tougher stance on children’s social media access"
50.596214738135224,0.6199711609577839,"UK","Ministers to announce new rail link between Birmingham and Manchester"
51.982239353243465,-0.22511946107419034,"UK","Starmer and Reeves talk up the UK’s economic prospects ahead of Davos"
52.46777373502377,0.2809957793869321,"UK","Government drops plans for mandatory digital ID to work in UK"
51.826184258536976,0.38530119505455207,"UK","Police called as council votes to shelve election"
51.099904340027976,0.33099333600816816,"UK","Income tax changes and mansion tax on £1m homes in Scottish Budget"
51.83724436501833,0.6044443321953245,"UK","UK summons Iranian ambassador over 'brutal' killings"
51.832147576944124,-0.82735042609899,"UK","MPs step up calls to block Chinese mega-embassy"
51.82378368257467,-0.8463954574124198,"UK","How do Labour MPs feel after another government U-turn?"
51.01377983982859,-0.5025006092312149,"UK","Will 2026 be the year MPs and peers agree on how to repair Parliament?"
51.96556537285214,-0.8760871239952165,"UK","The painful questions for Nato and the EU as Trump threatens Greenland"
51.263874058549575,-0.476913558057393,"UK","Starmer tells me he'll survive - but can he keep this new year's resolution?"
52.41691251303013,-0.5847984876968263,"UK","What to expect at Holyrood and beyond as 2026 election race steps up"
52.37360534963879,0.7454361526140473,"UK","Why 2026 is Keir Starmer's make or break year"
52.353002071035334,0.23284630521740224,"UK","Starmer backs down in farm tax row - but why now?"
50.65161451879245,-0.916653124612732,"UK","Chris Mason: Starmer sticks to strategy of avoiding criticism of Trump over Maduro"
52.01560621741666,0.6089458601256882,"UK","I'm taking eight months' paternity leave – and it's changing my relationship with my children | Ilya"
51.265059121670376,0.06039562943630361,"UK","Conservative defections risk making Reform UK into Tory party 2.0"
52.502407806204495,-0.722311066143119,"UK","Budget plans aim to help families when they need it most, insists John Swinney"
52.42018635002739,-0.8017832287077474,"UK","Keir Starmer defends digital ID work check plans amid accusations of new U-turn"
51.63483866649979,0.10217850202450796,"UK","Energy minister rebuked by stats authority over Scottish NHS claims"
52.21935196481404,0.1285189103958161,"UK","'Don't talk down London', says Keir Starmer as he slams Nigel Farage's Reform UK at PMQs after homic"
50.725924352845766,-0.18762177503570154,"UK","Record amounts of offshore wind secured in latest Government auction"
51.066296382129295,-0.9610210313269928,"UK","13 screeching Labour U-turns since Starmer came to power – as mandatory digital ID plan is dropped"
51.03595140205783,0.0055845403505293545,"UK","Keir Starmer expected to accept place on Trump’s board to run Gaza"
51.7659522267396,0.6697006995331066,"UK","ISA threshold 'changes' update as Rachel Reeves under fire on new '£12,000' plan"
51.608515221862206,-0.45642859503151556,"UK","Keir Starmer just hit a humiliating new low - somebody please put him out of his misery"
50.6207956958197,0.004088942027635212,"UK","UK housebuilder Taylor Wimpey warns of ‘muted’ demand"
51.21133919153309,0.11896844401881157,"UK","Offshore windfarm contracts to fuel 12m homes in Great Britain after record auction"
51.94817078886356,-0.34205371332793144,"UK","Two-star Michelin restaurant in Wales handed one-star hygiene rating"
51.363605674157895,0.48030454144904977,"UK","The Jerome Powell investigation shows Trump’s need for limitless power | Austin Sarat"
51.645219620607,-0.4259778259469714,"UK","Netflix ‘plans to switch to all-cash offer to seal $83bn Warner Bros deal’"
52.05695321369746,0.03651321324738743,"UK","Will Great Britain’s offshore wind subsidy auction mean lower energy bills?"
50.587205027174114,-0.3643361389917078,"UK","‘Bizarre’ bonuses and sausage sizzles: how Australia’s outsource call centres try to lure in poorly "
51.312233708379196,0.21251157890578465,"UK","Justice for Jeyasre: how a brutal murder led to a better deal for garment workers in India"
52.36532501341321,-0.9068367880612637,"UK","Musk v Starmer: will UK ban X over Grok nudification? | The Latest"
51.03239959241097,0.1903742423185507,"UK","X rated: Ofcom investigates Grok – podcast"
51.574072463588834,0.28318597441870563,"UK","China announces record $1tn trade surplus despite Trump tariffs"
50.8141231876609,-1.0114562287771371,"UK","New Birmingham-Manchester rail link to be proposed"
50.93996051794429,0.6309157201411656,"UK","Trump warns of 'mess' ahead of legal ruling on tariffs"
52.34419114041295,-0.5111649637407206,"UK","How the new road safety measures could affect you"
50.57773201873911,-0.2082606132374828,"UK","Patients 'skipping GP appointments over fees'"
51.880374160093574,-0.5073757022511357,"UK","Jimmy Kimmel Slams Sleepy Trump as Greenland Takeover Saga Turns Into Farce"
50.7753962980357,-0.25598585935069906,"UK","Donald Trump Sends Missile-Armed Destroyers To Middle East Following Iran Execution Plans"
51.40458828852655,-0.9128671870906767,"UK","Elon Musk Warns US, Claims American Will Cease To Exist If Illegal Immigration Enforcement Gets Defu"
52.041947058961114,-0.5999672199579981,"UK","The five best induction cookware sets in the US, thoroughly tested and cooked in"
50.76382129075204,0.4591970776131781,"UK","I’m terrible on the field. But my amateurism might actually have benefits"
50.778839785359345,-0.002234946722660447,"UK","‘We were as stuffed as the dumplings’: a tour of Warsaw’s top vegan restaurants"
51.253943836130766,0.010249423126395985,"UK","Hebridean high: joy, tears and camaraderie on a 100km trek for charity across the Isle of Skye"
51.27155774266548,0.7642499188696105,"UK","A train tour of Europe’s cool northern capitals: from London to Vilnius, via Berlin and Warsaw"
51.440458519685926,-0.46802084454346826,"UK","Dog owners risk £100 on the spot fines if they do not follow 6 key rules"
51.03551993811661,0.668814760288272,"UK","Everyone in UK should be taking this 2p daily pill until March"
51.12312673520681,-0.5610486609235547,"UK","Mother reveals subtle warning sign her young daughter had developed  childhood dementia: 'Stopped dr"
50.660411387822364,-1.0154431312277805,"UK","Four of my female friends were diagnosed with cancer in a year. They were all under 45 - and doctors"
52.01426551456135,-0.9333798122461406,"UK","The underlying condition that can cause bad breath, revealed by DR SCURR. No it's not halitosis, but"
51.130453498131466,0.7477686712394224,"UK","Doctors told me bloating was caused by a stomach infection - it was terminal bowel cancer and I have"
52.325658412257525,-0.9529210240849931,"UK","Five more children dead from new 'super' virus as doctors warn it leaves sufferers gasping for air"
50.90378972040942,0.721770827357377,"UK","Goodbye fresh country air: Britain's woodlands are ridden with airborne microplastics, experts warn "
50.73097653445226,-0.24230051430724064,"UK","When moving around in your sleep becomes a warning sign you mustn't ignore. I can show underlying co"
51.020787051671626,0.6735740462173706,"UK","Where to shop Amanda Holden&apos;s The Greek Job best looks with her exact pieces"
56.58878351397141,11.929416779632056,"Denmark","Exclusive: Delta Goodrem reveals why 2026 already feels like her year"
50.68469401290294,-0.48963859254023456,"UK","Pesticides linked to cancer found in 60 per cent of PLAYGROUNDS, scientists warn - with residues det"
50.806577545222595,-0.9034440779352272,"UK","Americans across three US states told to stay indoors as air fills with toxins linked to heart attac"
51.33746966265793,-1.0336444488444307,"UK","Revealed: The popular workplace trends putting your career at risk - so, are you guilty of sending '"
52.07978957105107,0.7418004628789169,"UK","Human sewage laced with cancer-causing toxins discovered in America's food supply"
51.94844214026185,0.31388316510943104,"UK","Frightening tornado warning gives people just MINUTES to take cover as extreme weather grips the Mid"
51.59673728614581,-0.38609697685576105,"UK","World braces for arms race with major nuclear pact set to end in weeks"
51.50875418465405,-0.27624397674590073,"UK","Shocking study linking covid jabs and cancer 'censored' by mysterious cyberattack"
51.1722601210409,-0.01902313288619928,"UK","Liverpool power past brave Barnsley in the FA Cup to spare Szoboszlai’s blushes"
51.579412784717825,0.029839528275904637,"UK","City defeat a reminder Newcastle have entered a level where it’s eat or be eaten | Andy Brassell"
50.96412782460257,0.456637591258814,"UK","Manchester United pulled off a coup by signing Lea Schüller – so what will she bring?"
51.95118268164664,-0.37139831730380657,"UK","Man Utd told Luis Enrique has one major demand before taking over as manager"
51.38146394599855,-0.4239151926365371,"UK","Tyson Fury warned one fighter could &apos;ruin&apos; his comeback plans"
50.675898592040056,0.48824977443845696,"UK","Gary Neville warns Man Utd what they ‘cannot do’ in next manager appointment"
50.99173878315386,0.3224787174376721,"UK","Man Utd isn&apos;t &apos;too difficult to fix&apos; as Michael Carrick told to sort glaring issue"
51.73435548245499,-0.6526580870625512,"UK","Arsenal&apos;s trophyless scenario spelled out as Gunners warned loss could &apos;break their spirit"
52.396480883543305,-0.5590431687085521,"UK","Liverpool attempted to trademark 'Allez Allez Allez' after famous fan chant"
51.88233545609987,0.5824515152982291,"UK","Arsenal: Mikel Arteta responds to Viktor Gyokeres critics after man-of-the-match display"
56.144177325321536,12.035820875002482,"Denmark","Is Kane still underrated? Why Bayern Munich star is the complete centre-forward"
51.285162193876644,-0.023978397322960476,"UK","England’s T20 World Cup plans hit by Adil Rashid and Rehan Ahmed visa delays"
51.68970821824874,-0.8529573217831389,"UK","‘No quitter’: Daniel Sanders to continue Dakar Rally despite breaking bones"
51.1469864698429,-0.5401395071545153,"UK","The Breakdown | Rugby is moving towards Moneyball-style data but value of flair remains"
50.523412024590144,0.7844448630807194,"UK","Welbeck scores as Brighton knock Man Utd out of FA Cup"
51.467601679638854,-0.67479486695219,"UK","Premier League stars come to me to buy their cars - this is the one high-tech modification they ask "
52.36085503407176,-0.23827073032584078,"UK","Ajax's  'unprecedented humiliation': Dutch giants lose SIX-NIL in record cup defeat - with ex-Premie"
50.56468692649189,-0.5315767050339552,"UK","The signs that clunky Viktor Gyokeres has turned a corner as Arsenal end their awful semi-final reco"
51.17740491897318,-1.0920430197703825,"UK","England boss Shaun Wane steps down on the eve of the Rugby League World Cup after dismal Ashes campa"
52.438457654437286,-0.12198569074154852,"UK","Yorkshire sign Moeen Ali, two international stars and Australia veteran, Hampshire snap up Aussie du"
50.68796573144188,-0.9115302496616874,"UK","Grass-roots clubs warned they could face legal claims over dry pitch injuries"
50.516022704721905,-0.17447927932406027,"UK","Liam Rosenior told he may need to replace Chelsea star who &#8216;keeps letting you down&#8217;"
51.46636081777751,0.7973247631139601,"UK","Michael Carrick told £18m signing is &#8216;not good enough&#8217; to start for Manchester United"
51.709823876184515,-0.35369335917954337,"UK","Man Utd warned that £52m star will &#8216;struggle&#8217; under Michael Carrick"
51.38001838308581,-0.1290681297048214,"UK","Chelsea told it was a &#8216;mistake&#8217; to sign £40m star as Manchester United have last laugh"
52.10896543986127,-0.027627411705760108,"UK","Per Mertesacker named as &#8216;hot candidate&#8217; for new job after Arsenal exit announcement"
55.146988916006926,12.170946897841963,"Denmark","Dem Congressman Wants to Make ICE Agents Wear QR Codes"
56.08464681843453,12.001674190221234,"Denmark","RFK Jr.’s FDA Pulls Warning About Fake Autism Treatments"
55.95171472302007,11.789169744796519,"Denmark","Wyoming Just Greenlit America&#8217;s Largest Data Center Project, and Locals Are Bracing for Impact"
50.73837391862881,-0.37480953662512617,"UK","2025 was Earth's third hottest year"
51.84129521455909,0.1902660998355622,"UK","Wind power prices up in new offshore contracts as UK moves away from gas"
50.578761358345766,-0.9616176629212517,"UK","Kemi Badenoch Sacks Robert Jenrick Over Secret Plot To Defect To Reform UK"
51.81031841545307,0.4323808987478629,"UK","Golden Globes Host Admits She Axed Joke About Controversial A-Lister Before Ceremony"
51.7664172161464,-0.8271909385897801,"UK","Wes Streeting Takes Thinly-Veiled Swipe At Keir Starmer Over Digital ID U-Turn"
52.36247383551056,0.20195170912471283,"UK","Donald Trump Branded 'Putin's Puppet' After Blaming Zelenskyy For Peace Talks Failure"
52.44287865820473,0.08597785380780854,"UK","'People Are Livid': Labour MPs In Despair As Starmer's Latest U-Turn Sparks Fresh Crisis"
50.90081486947438,-0.7956726566999267,"UK","Kids And Teen Accounts On YouTube Are Changing – Here's What Parents Should Know"
51.89113657386606,-0.6312591724922659,"UK","'Why Should Anybody Believe You?': Nick Robinson Monsters Labour Minister Over Latest U-Turn"
51.959641516964076,-0.13891161663139695,"UK","Donald Trump Tells Iranian Protesters 'Help Is On Its Way' As Death Toll Tops 2,000"
51.34709303704244,-0.729532568140944,"UK","In Defense Of 'Microshifting,' A Controversial Work Trend That Came Out Of COVID"
51.383393110625974,0.6493888443082011,"UK","Trump Claims US Economy Is Great As Grocery Prices Rise And Jobs Picture Gets Worse"
51.822894139456935,0.4840185644322562,"UK","Keir Starmer Ditches Compulsory Digital ID In 13th U-Turn Since Becoming Prime Minister"
52.12676517911419,-0.27148916533419964,"UK","'We Feel Betrayed': Greenland Minister Condemns Donald Trump Over Invasion Threat"
56.15739627774905,12.520598874441054,"Denmark","Mistral AI Wins French Military Deal"
55.85727044976206,11.767711988200997,"Denmark","Italian Ferry Malware Attack Sparks International Probe"
56.07023428973851,12.861351331364329,"Denmark","European Commission Strikes Google AI Empire"
56.01981364944787,11.74700340655586,"Denmark","Netherlands Pauses Move to Seize Chinese-Owned Chipmaker Nexperia"
50.9812079777668,0.7779363037010917,"UK","UK government rolls back key part of digital ID plans"
50.86496184698714,0.4991055771244878,"UK","Trump says Microsoft will pay more for its datacenters’ electricity"
50.542128566837356,-1.1159309593770148,"UK","Use of AI to harm women has only just begun, experts warn"
50.85228329185215,-0.07829662459662778,"UK","My work went from air-conditioned offices to delivering food on a bike. The culture shock is signifi"
50.9418272118382,-0.7150354388603947,"UK","Kiefer Sutherland told driver to pull over or &#8216;I&#8217;ll kill you&#8217; before alleged assau"
51.06907685107478,-1.1254198729084535,"UK","K-pop superstars reveal comeback tour after completing military service"
51.028445019863234,-0.10481399592984852,"UK","Paramount steps up hostile bid for Warner Bros with law suit"
51.354465417271555,0.5626901857527699,"UK","Warner Bros, Netflix and Paramount: The mega-deal shaking up Hollywood explained"
50.84084884182779,-0.3413593611828857,"UK","Freddie Mercury’s 'secret' daughter, 48, dies following rare cancer battle"
50.86987553068545,0.5966899569886465,"UK","James Corden fights council's order to rip up newly laid paving at £11m north London home"
51.309356122754025,-0.9116155845022061,"UK","BBC says it was ‘unaware’ of The Traitors contestant’s Israel–Nazi Germany comparison before show ai"
51.014863557617346,-0.6323066058088785,"UK","Nick Cave and Warren Ellis to compose score for Jo Nesbo’s Detective Hole"
50.96539767051178,-0.23277212490364685,"UK","Paddy McGuinness says weight-loss results were so drastic he was accused of AI"
51.056927465663314,-1.0615454400098,"UK","John Alford&apos;s dark descent from London&apos;s burning heartthrob to jailed paedophile"
51.59743995982414,-0.9496464582298546,"UK","Emma Willis &apos;floored&apos; by health diagnosis she knew nothing about for 48 years"
51.55354813109368,0.12463991064833768,"UK","The Traitors star Harriet reveals &apos;biggest humiliation&apos; fears in &apos;crumbling wreck&apo"
52.41443201997018,-0.25963289375877985,"UK","The Traitors fans call out Harriet&apos;s sacrifice over &apos;glaringly obvious&apos; Rachel mistak"
52.33614957268867,0.795133571719714,"UK","The Cribs: Selling a Vibe review | Alexis Petridis’s album of the week"
50.94360189379668,0.6150485515551355,"UK","David Bowie: &#8220;It’s always been easy for me to fantasise a parallel existence&#8221; – Part 4"
51.638270976910675,-0.7629483075050222,"UK","Golden Globes 2026: One Battle After Another, Hamnet and Adolescence win – as it happened"
51.185271489656415,-0.4176221800841985,"UK","The Golden Globes ceremony ignored politics. But their big winner taps today’s unhappy turbulence | "
51.28744088951775,-0.5769746366174809,"UK","EastEnders fans uncover Jasmine&apos;s chilling secret as flashforward scene &apos;explained&apos;"
51.9980363002787,-0.7072979719146729,"UK","Traitors Harriet says &apos;I showed you who I really was&apos; after baffling behaviour"
51.56525137437096,-1.044116922798537,"UK","Traitors fans convinced huge secret will be exposed after spotting Uncloaked detail"
52.37689672163066,0.6604565345000312,"UK","Julian Barnes on his last novel: 'I hope it's a good one to go out on'"
50.665342363030526,-1.0487991650128614,"UK","Judgement reserved in appeal against Kneecap member"
52.21265430254978,-0.10862879824070426,"UK","An opportunity or a threat? How YouTube rose and rose to overtake the BBC"
52.46020213995596,-0.38425239986762316,"UK","MOBO Awards 2026 nominations announced as Olivia Dean and Little Simz lead the pack with four nods a"
52.41504844956881,-0.10787709676522905,"UK","How history is repeating itself for Sammy Winward and estranged daughter Mia - as former OnlyFans st"
50.95354923855839,-1.0489093373497917,"UK","Traitors icon Harriet reveals she lost 4st after going sober and says alcohol made her 'a terrible b"
51.8046270919105,0.2884351212766879,"UK","Kylie Jenner and Timothée Chalamet's mothers send fans wild after connecting over the Hollywood acto"
51.278159257634094,-0.43024801352805897,"UK","At least there’s one thing we can all agree on: three cheers for Claudia Winkleman | Polly Hudson"
51.92275967572848,-0.1617846325552349,"UK","Chris McCausland: ‘My most embarrassing moment? Going into an undertaker’s thinking it was a barber’"
52.4482145918652,-0.2648533804837282,"UK","Children being ‘sedated’ by algorithmic YouTube content, MPs hear"
-34.67845390429505,150.3574743828649,"Australia","Culleton lodges appeal"
51.34138236408689,0.4737883067115106,"UK","Labor’s hate speech and gun laws set to fail as Coalition and Greens rule out support"
52.28593571362326,0.3056891157715079,"UK","Future of Bondi footbridge on hold after council agrees to consider options"
50.72273572713726,-0.19158379756347943,"UK","From criminalising hatred with ‘intent’ to gun buy-back: four key parts of Australia’s proposed hate"
51.803436473859556,-0.010798501134359317,"UK","Anti-Trump US reporter says she was offered job at ICE after ‘minimal vetting’"
52.15278625746524,-0.6840527365381371,"UK","How far will Europe go to defend Greenland from Trump?"
56.64299578255677,12.471637242404926,"Denmark","Man who stabbed stranger with smashed bottle on Glasgow train gets 12 years"
52.049611173073664,-0.15917747737022048,"UK","Staggering blow to Anthony Albanese's draconian 'hate speech' laws as the Greens take an unexpected "
51.779854571527835,0.12333988540089169,"UK","Taxpayers could cop $2million bill to recall Parliament for just TWO days - as Anthony Albanese's ha"
50.837876369527805,-0.15889777175736441,"UK","Cops scramble over explosive twist in Chinese heiress saga you NEVER saw coming - as 'LanLan' emerge"
50.58152756733267,-0.9369089819989981,"UK","K-pop supergroup BTS announce massive world tour following 18-month military service - and Aussie fa"
52.36487746911695,-0.4135462852997259,"UK","Australians warned of flight chaos as Middle East braces for possible US strikes on Iran"
51.098509795766354,-1.1144240982824192,"UK","Read the sickening excuse an eastern suburbs Neo-Nazi has given for allegedly making vile 'rape' thr"
51.79639410250809,0.28309596757829103,"UK","Urgent warning after 11 explosive devices are found on Canberra streets in two days"
-34.04206395259886,152.0625519820163,"Australia","Turnbull calls for electronic voting"
-34.58515354451467,150.38545840062932,"Australia","Turnbull: ‘It is a big economic shock’"
-32.97891014331877,151.40646084063974,"Australia","Shorten: ‘Don’t underestimate Labor’"
-34.05536448158799,151.60879209028636,"Australia","PM preps for campaign launch"
-33.86237624209545,150.57279895669723,"Australia","Pauline Hanson’s ‘pain in her backside’"
-34.380940656004846,151.83205097029108,"Australia","‘It’s still a prison. I feel like an animal’"
-33.08950052410395,152.11268751974282,"Australia","Threat facing Aussie super gains"
-33.01852929435121,151.73376195461353,"Australia","Xenophon near tears over attacks on family"
-33.39002106364772,151.96205555385842,"Australia","Council declares war on this tree"
-34.17176376881979,150.43816148787633,"Australia","Battlers suffer as school payment is axed"
-33.340764510484675,151.5068860795142,"Australia","Australia’s best bacon awarded"
-33.251644566907785,152.07255944455645,"Australia","New Minister appointed"
-34.623629149144776,151.46903637780426,"Australia","Judge anger on $10 art claim"
-33.27811523878079,150.56600946318983,"Australia","Jobs warning over gas crunch"
-33.155743417917165,150.3723410901324,"Australia","Culleton to fight Senate axing"
-34.67820778836062,150.60881855182205,"Australia","Bigamist awarded costs in case"
-33.70398872730652,150.81863874464185,"Australia","Shorten family bill triple PM’s"
-33.42540910345664,151.65711334650126,"Australia","Ex-senator bids for leadership"
-34.84614860267355,151.03292671817195,"Australia","ALP told to ‘get better policies’"
-34.347548323077845,150.48171040447647,"Australia","European nations send troops to Greenland as White House talks fail"
-34.22294933357221,151.21998209540118,"Australia","Greenland government rejects American takeover 'under any circumstance'"
-32.89355523462091,151.35550064424405,"Australia","PM recalls parliament to introduce hate speech and gun laws"
-32.915079331521156,151.37409563798593,"Australia","Federal minister backs axing of Palestinian author from writers' festival"
-33.843846453813015,150.96045143658344,"Australia","Reader reply: Let me briefly share my shoes so you can walk a metre in them"
-34.125428615868906,151.22779001674087,"Australia","The hate speech bill is an omnibus disaster — and there&#8217;s a glaring exclusion"
-34.686724111802285,151.39149352262845,"Australia","In Australia&#8217;s tinpot civil society, &#8216;power speech&#8217; is on the cusp of defeating fr"
-34.367194588107644,151.46126015328673,"Australia","Don&#8217;t ban Elon Musk&#8217;s X — force it to have safeguards, say anti-child abuse and women&#8"
51.30868567575435,0.6619552654956119,"UK","Australian chapter of Islamist group Hizb ut-Tahrir has no plans to disband before Labor’s hate spee"
50.65218939965437,0.47745292406122963,"UK","Labor considering extending new hate speech protections to LGBTQ+ Australians and religious groups"
52.044882094264224,-0.9765018029535174,"UK","Man accused of making threats against MP says he stands for ‘Team Australia’ after court appearance"
51.85019553321282,-0.597126849940072,"UK","Banning organisations has a sorry history – does Australia really want to go down this road again? |"
51.79303773283657,0.08471058899046635,"UK","NSW government calls for rethink on capital gains tax discount to ease housing affordability"
52.27442810762794,0.1710043763937289,"UK","Neo-Nazi group claims it will disband before Labor’s hate speech legislation is brought to parliamen"
52.48487204856294,-0.5924795629551683,"UK","Who will replace Rudd as US ambassador? Defence boss, career diplomat and former ministers in mix"
50.76397386451198,-0.7147479538878204,"UK","Kevin Rudd's resignation as US ambassador for Australia announced by PM - video"
51.415937766951004,0.677110698531607,"UK","Australia should reconsider alliance with ‘fiercely unpredictable’ US, former foreign ministers say"
55.91911357869542,12.29013167103199,"Denmark","Why Australia’s best companies are scrapping legacy payroll systems"
55.25536996442593,13.22314144461749,"Denmark","Government activates $50m network to help Australian exporters diversify into new markets"
-34.16135304638785,150.88270991132612,"Australia","FBI probes possible J.P. Morgan hacking"
-33.51709624506805,151.50699453450758,"Australia","‘I have a conflict situation as President’"
-33.901339540302544,151.03229368830486,"Australia","ALDI’s tough stance on alcohol"
-32.942099711307186,151.182834083252,"Australia","Why you’re getting poorer right now"
-33.20393731805899,151.62192582016064,"Australia","Macca’s gets stingy with sneaky change"
-34.40786674619401,151.47267175190765,"Australia","NAB banker’s awkward email bungle"
-33.447480512972106,151.88683786261728,"Australia","Secret weapon in baby formula war"
-32.993830326475795,151.9093573740749,"Australia","Zone RV in liquidation as police confirm fraud investigation"
-33.81816549215354,151.1466295717386,"Australia","Aurum strikes one ounce dirt at flagship West African gold project"
-33.508761431456925,150.32712308893002,"Australia","Trump’s trade war with China is a $1.8 trillion fail"
-34.76500530279173,150.5751092473536,"Australia","Bullock joins top central bankers in expressing ‘full solidarity’ with Powell in clash with Trump"
-33.894829775932166,151.86702856186608,"Australia","ASX climbs as Wall Street brushes off concerns over attack on Fed"
-34.106154130609,152.13210942866138,"Australia","Canning mayor wins $250,000 payout over defamatory Facebook posts"
-33.95915498542491,152.12013084997514,"Australia","To stay or go? Council debates future of Bondi pedestrian bridge"
-34.440912668460804,150.5942811469331,"Australia","Strippers ‘drugged, assaulted and raped’"
52.506940605604186,0.7085420199433495,"UK","NHS warns parents to watch for eight key symptoms in babies this winter"
-34.00297761026304,151.6861093197109,"Australia","Your Guide To Enjoying Transmasculine Sex"
-34.038402738424914,152.09335613121073,"Australia","Social distancing need not mean social isolation"
-33.21299366225397,151.3008817487472,"Australia","My Health Record: Remain in or opt out?"
-33.90221317720243,151.26344616489803,"Australia","A PrEP trial of epic proportions"
-32.952466594617015,151.56480090864,"Australia","Travelling to America? Here’s how to protect your privacy in phone searches"
-34.061268146390766,151.8457655781839,"Australia","Salt Typhoon hackers ‘almost certainly’ in Australia’s critical infrastructure"
-34.77826565273922,151.6458364167425,"Australia","Cyber expert gets rare Australian visa by hacking the government"
-34.76095695176435,151.21744205230107,"Australia","‘Happy he’s back’: Moment the ‘real Zerafa’ returned in fiery weigh-in ahead of ‘do or die’ bout"
-34.51029702260366,152.1643050125926,"Australia","Infamous Salah curse strikes again as old Liverpool teammate twists knife in fiery reunion"
-33.99151345203801,151.7942738753333,"Australia","Spurs’ $68m hijacking confirmed; shock exit demand rocks battlers — PL transfer latest"
-33.66395434177179,151.648773610394,"Australia","‘Damaging and disappointing’: Ugly twist in A-Leagues debacle as investor takes shock swipe"
-33.56979178523079,150.81795243418375,"Australia","Sweeny battles into Australian Open main draw"
-33.3449810317881,150.48528230647483,"Australia","Thanasi Kokkinakis's hopeful Aus Open warm-up ends with another injury"
-33.803932445495086,152.1685319328832,"Australia","Smith lashes Daley’s ref bashing"
-33.92844806669772,151.21486827144844,"Australia","Pies board accepts McGuire apology"
-34.26838082612949,151.62704260650884,"Australia","Joey joins the Pommy campaign"
-33.7747337879249,151.73950953933357,"Australia","Day’s gamble fails as sand traps strike"
-33.811922000986215,151.9712895125936,"Australia","McGuire not yet done as Pies president"
52.23687619466345,-0.5048909416894306,"UK","Australia pull Dwarshuis out of Worcs T20 deal"
-33.30958943086142,151.01313013629584,"Australia","Digg is back and the internet just got a lot more interesting"
-33.96083632644492,151.37477573618193,"Australia","Tesla will stop selling FSD outright after Feb 14, subscription only"
56.07913113636039,12.500937365777967,"Denmark","Meta Removes 544K Teen Accounts Under Australia&#8217;s Ban"
55.37408765147797,11.664205174543564,"Denmark","Australians Hit With One Cyber Attack Every Second in 2024"
55.136037615283165,11.579722648617702,"Denmark","Australia Divided on DeepSeek Response: Industry Groups Call for Action, Minister Urges Caution"
55.29318408429058,12.817967437837439,"Denmark","Phishing Emails Targeting Australian Firms Rise by 30% in 2024"
55.43140349745972,12.305205800781362,"Denmark","Australian Government Agencies Failing to Keep Up With Cyber Security Change"
52.31990716220484,-0.22928064515893454,"UK","Starlink reportedly made free in Iran - but protesters are taking huge risks by using it"
55.169760319069105,11.775163798965638,"Denmark","Trump Says Iran Halts Executions But Doesn&apos;t Rule Out Military Action"
55.3017108773074,12.27286394295429,"Denmark","The Quiet Of The Kremlin: Upheaval In Iran, Venezuela Gets A Muted Moscow Response"
54.78119345278022,12.835697709309525,"Denmark","Interview: Iran&apos;s Clerical Rulers Likely To Survive Protests, But &apos;Gradual&apos; Collapse "
56.327751923739044,11.832564019708919,"Denmark","Life Goes On In The Cold And Dark As Ukraine Faces Power Shortages"
55.90680602824302,12.723433605328704,"Denmark","EU Approves 90 Billion-Euro Loan To Support Ukraine&apos;s Budget And Military Needs"
55.97231564310184,12.449410332395093,"Denmark","Why Iran Protest Messages Are Showing Up Under Cooking Videos"
55.58368787044458,12.818979953008949,"Denmark","Maduro Is Gone From Venezuela, But Russia May Not Be"
54.81982486500449,11.652120065322595,"Denmark","Trump Threatens &apos;Serious Action&apos; If Iran Executes Prisoners"
56.48097937386515,12.182243088286413,"Denmark","Images From Tehran Morgue Reveal Scale Of Deadly Crackdown"
56.23845199490625,12.276003386035102,"Denmark","Goldberg: &apos;Nothing Is Off The Table&apos; For Trump&apos;s Response In Iran"
55.756974411491534,12.407253027302483,"Denmark","&apos;Thousands Of Bodies&apos;: Death Toll Soars Amid Iran&apos;s Brutal Crackdown"
38.79482654674991,-77.93395759609592,"USA","Peltola&#039;s entrance in Alaska Senate race gives Democrats hope"
39.67286091257073,-77.92583877506806,"USA","The Memo: Trump faces risks as foreign issues overshadow domestic agenda"
39.513537105709304,-77.68919711933255,"USA","Congress is rolling on spending bills, but the toughest fights remain"
38.73441413252554,-76.41800418426692,"USA","Trump says he has no plans to oust Powell from Fed"
39.27092209808782,-78.01234168329462,"USA","France to conduct military drills in Greenland"
39.56960560648969,-77.46868813954113,"USA","No deal on Greenland for Trump"
-0.8450313664386537,19.884115021545753,"Africa","Africa: Trauma Tax is Africa's Hidden Economic Burden"
-0.590769210258479,19.254175042515023,"Africa","Africa: World Bank Says Agoa Expiry Is a Major Threat to African Exports"
0.4995853110267672,19.00309100665483,"Africa","Africa: Can Ndayishimiye Rewrite His African Story"
0.4284322348016998,19.297180310567647,"Africa","Africa: AUC Chairperson This Afternoon Received H.E. Ms. Ayano Kunimitsu, State Minister for Foreign"
0.5913523095004205,20.860233071867803,"Africa","Africa: AU Officials Call for Stronger Solidarity As Africa Confronts Rising Security, Political Cha"
-0.6152181430446371,20.07633670289077,"Africa","Africa: Invasion 2026 / Venezuela Today - Tomorrow, Who's Next?"
0.016351992796907133,19.541105343553703,"Africa","Africa: The High Cost of Politics Enables Corruption and Fiscal Indiscipline in Africa"
39.08117268420582,-76.1584458409954,"USA","European troops arrive in Greenland as talks with US highlight 'disagreement'"
39.26308521928661,-76.86159119055222,"USA","Russia expels British diplomat from Moscow embassy over spying claims"
38.76344607748812,-77.61389859962316,"USA","Japan and the Philippines sign a new defense pact as they face Chinese aggression"
38.404439376870535,-77.47881077896295,"USA","Brazilian police kill 4 in Rio favela in operation to contain Red Command criminal gang"
39.7910650919313,-76.20856084257547,"USA","Activist in Costa Rica denies plotting to assassinate the president"
39.493841750531274,-76.8511398832294,"USA","Venezuela's acting president vows to continue releasing prisoners detained under Maduro"
38.61542216813144,-76.88154073152468,"USA","Syrian military tells civilians to evacuate contested area east of Aleppo amid rising tensions"
38.596626088530996,-77.0632547070811,"USA","EU targets Ukraine's military needs with massive new loan program plus billions in budget support"
38.86134218493408,-76.8974610760332,"USA","Canadian Prime Minister Mark Carney arrives in Beijing for a landmark four-day visit to China"
39.72116508498599,-77.53959201071709,"USA","Japan's Takaichi plans to dissolve lower house to set up an early snap election"
38.85154567142443,-76.66954507147362,"USA","The UK is watering down plans for mandatory digital ID cards after a backlash"
37.972538822830074,-77.32971600831887,"USA","Former Cyprus President George Vassiliou, who put the country on the path to EU membership, has died"
39.76871140876475,-76.13262698702542,"USA","The UK is expected to approve a 'mega' Chinese embassy in London despite objections"
38.491092184876386,-77.84989249809848,"USA","Beirut's Commodore Hotel, a haven for journalists during Lebanon's civil war, shuts down"
39.200395002177196,-77.19563659165355,"USA","Vance to meet Danish and Greenlandic officials in Washington as locals say Greenland is not for sale"
39.879368976538764,-76.88288215141046,"USA","Mayor Frey accuses ICE of &#8216;causing chaos&#8217; in Minneapolis after illegal migrant who ambus"
38.77661912427116,-76.52244353561942,"USA","Delta passenger sentenced to 18 months in prison for trying to open emergency exit door, fighting wi"
38.997560463905224,-76.1183041159391,"USA","Riley Gaines reveals she wraps her 3-month-old daughter in bulletproof blanket due to threats"
55.90863504734835,11.576104566571424,"Denmark","China&#8217;s top diplomat calls Canada PM Mark Carney visit &#8216;turning point&#8217; in ties"
55.64552345726346,13.219461426306488,"Denmark","Ming Pao to cease operations in Canada, last issues to be published Friday"
55.76377149892696,11.868160433488093,"Denmark","Hong Kong to propose greater gov&#8217;t oversight of building maintenance work after fatal Tai Po f"
55.7828690652224,11.7906994809657,"Denmark","Rebuilding fire-hit Wang Fuk Court ‘huge challenge’ due to ownership, legal issues, Hong Kong offici"
54.96775899647805,13.550881874825144,"Denmark","Hong Kong gov&#8217;t to propose blanket smoking ban at construction sites after deadly Tai Po fire"
56.02037171563933,12.49286780498543,"Denmark","Hong Kong shareholder activist David Webb dies aged 60"
55.06286278833424,12.528002386377707,"Denmark","Is China a threat to Greenland as Trump argues?"
56.212940759939116,12.414930606480455,"Denmark","Tai Po fire: Hong Kong politician suspends 3 public roles to focus on independent committee"
55.33534448246694,11.834504699151667,"Denmark","Japan, South Korea leaders meet as China flexes muscles"
55.1388041980868,12.756097276118147,"Denmark","Hong Kong&#8217;s gov&#8217;t-funded broadcaster RTHK axes all podcasts"
55.96848052911293,12.641073943887509,"Denmark","Hong Kong gov&#8217;t to publish names of 161 Tai Po fire victims"
55.21547272970294,11.726098334503622,"Denmark","Media tycoon Jimmy Lai in &#8216;advanced years&#8217; with multiple health problems, lawyer says in"
39.645742686111234,-77.51975455401875,"USA","News Wrap: U.S. suspending visa applications from 75 countries"
38.37944513032103,-77.85544246493023,"USA","FBI searches reporter's home, raising concerns about intimidation of free press"
39.66414127187521,-77.86327702566423,"USA","WATCH: Trump signs a law returning whole milk to school lunches"
39.056918141307484,-77.31115872524943,"USA","WATCH: Trump claims killing of Iran protesters 'has stopped' even as Tehran signals executions ahead"
39.602331320131036,-77.24409873006066,"USA","Democrats see a narrow path to win the Senate, but there's no room for error"
39.61545014492007,-77.00031898688009,"USA","GOP senators break with Trump on these 2 points"
38.9712883852956,-77.69828042600663,"USA","FBI searched home of Washington Post reporter, newspaper says"
38.319241330627975,-76.95982613099423,"USA","Trump administration is investigating Sen. Slotkin for Democrats' video urging troops to resist 'ill"
56.42051198469475,13.204129887101985,"Denmark","Strengthening our partnership with the UK government to support prosperity and security in the AI er"
56.584876705436606,13.208901698629557,"Denmark","Advanced version of Gemini with Deep Think officially achieves gold-medal standard at the Internatio"
54.73993941959402,12.84170215982492,"Denmark","7 Best Phones You Can’t Buy in the US (2026), Tested and Reviewed"
56.65108896929348,13.084829545683002,"Denmark","SparkFun Officially Dropping AdaFruit due to CoC Violation"
55.14318722411862,12.645032818329511,"Denmark","Robots that spare warehouse workers the heavy lifting"
55.34447017329515,12.079078887985741,"Denmark","Helping scientists run complex data analyses without writing code"
55.42013669285663,12.814125009204275,"Denmark","Ray Kurzweil ’70 reinforces his optimism in tech progress"
55.49401840755302,12.132221215077822,"Denmark","Salesforce rolls out new Slackbot AI agent as it battles Microsoft and Google in workplace AI"
55.210362468350645,13.132842797600954,"Denmark","European military heads to Greenland as Trump's ambitions for island undeterred by talks - Reuters"
55.11355530182876,12.881938845175602,"Denmark","Five takeaways from the Reuters interview of President Trump - Reuters"
55.75635452722965,12.976199125420735,"Denmark","Canada's Carney hails warmer ties with China, Xi's leadership - Reuters"
56.643265360769405,11.733897600289351,"Denmark","Key quotes from President Trump's interview with Reuters - Reuters"
55.63949163045668,12.024715330263472,"Denmark","US Senate Banking delays crypto bill after Coinbase CEO opposition - Reuters"
55.300186343348564,11.82185044614319,"Denmark","Iran minister says 'there is no plan for hanging' when asked about protests - Reuters"
55.12750674636895,11.622518635768685,"Denmark","Trump says no critical minerals tariffs for now, will seek overseas supplies - Reuters"
55.202171137074444,13.54429149677864,"Denmark","Trump imposes 25% tariff on imports of some AI chips - Reuters"
54.71322880914354,12.179962395297785,"Denmark","Trump says killings in Iran subsiding as experts warn on military intervention - Reuters"
54.938651594895866,11.683308758971712,"Denmark","US completes first Venezuelan oil sales valued at $500 million, US official says - Reuters"
-34.22889351593401,151.2994381627358,"Australia","Bondi heroes Ahmed Al-Ahmed, Gefen Bitton and Rabbi Leibel Lazaroff given Keys to the City for brave"
-34.82447424363069,151.25638649086255,"Australia","Wait and see: Trump sees Iranian crackdown easing"
-34.54919167021943,150.47304830361924,"Australia","Unions reach deal with tech giant on AI and workers"
-33.28585331922767,151.8355536633419,"Australia","Jailed baby killer Benjamin Swann to plead guilty to unrelated injury charge, court told"
-33.31831875312222,151.47090329132453,"Australia","Trump to meet Venezuelan opposition leader Machado"
-33.72564590477507,151.9183987982028,"Australia","Heartbreaking note reveals girl’s house of horrors plight after being abandoned by parents"
-34.41810298885751,151.99346586898216,"Australia","Voting begins in Uganda's presidential election"
-34.30545947422562,150.97544351683734,"Australia","US officer shoots man in leg during Minneapolis arrest"
-33.753112036335956,151.14128170838612,"Australia","No more male heckling through the wire for women inside"
-33.713519823837075,151.29395180995706,"Australia","Flash flooding emergency as 170mm of rain dumped"
-32.936844007201145,151.46406095133221,"Australia","Almost $50k raised for Palestinian writer Randa Abdel-Fattah after legal threat"
-33.6356102683799,151.31213964021973,"Australia","Oil drops as Trump backs away from Iran threats"
-33.57124459474748,151.94514701897836,"Australia","Teenager charged over alleged death threats to Prime Minister and NSW Premier"
-34.702737105621345,150.7111500225677,"Australia","Attorney-General awards top government lawyers massive pay increase after 14-year freeze"
-32.98459025359272,150.29810823617316,"Australia","4000km, 6 days and $50k: Illawarra physio's role in a record-breaking cross-country cycle attempt"
-34.26785344246268,151.1920676407554,"Australia","Weather warning for ACT cancelled after storm changes direction"
-32.90179459712748,150.40443574428906,"Australia","Trump says US to 'run Venezuela' after Maduro captured"
-33.29621465540697,151.8449685199831,"Australia","Severe thunderstorm warning cancelled for ACT"
55.471609404041345,11.761254776373196,"Denmark","Festival of cowardice: The cancellation of Randa Abdel-Fattah"
56.53804714354251,11.626697356452183,"Denmark","How Iran’s regime weaponised religion"
56.18117878122347,13.392560114956082,"Denmark","Gaza to Bondi: How appeasement shaped Albanese’s response to antisemitism"
55.24445440760252,11.570895650201148,"Denmark","Royal Commission on Bondi attack raises questions of independence"
55.3389367650649,12.68039587332941,"Denmark","From broken heart to pacemaker: How grief turned into bradycardia"
55.48501287938293,12.70254892254535,"Denmark","Russia-Ukraine peace and the Putin factor"
56.25649212909723,12.603174005344416,"Denmark","Why Australia’s ‘low unemployment’ claim doesn’t add up"
54.88657356783459,11.673767293528947,"Denmark","La Trobe Vice Chancellor invokes Bondi killings to defend festival censorship"
55.48886446004267,13.490072703637367,"Denmark","Tony Abbott’s hypocrisy on immigration policy: What his time in office shows"
56.407547481118115,13.381510994314468,"Denmark","Prime ministerial loyalty on trial in Australia’s ‘Gaza’ war"
55.98559482973501,12.889031216277143,"Denmark","#1 STORY OF 2025: 75 reasons why Dutton is unfit to be PM"
54.680192418512384,12.43139006034543,"Denmark","What small personal decisions reveal about shared environments"
56.00509560123715,13.385235420623106,"Denmark","#6 TOP IA STORY OF 2025: ABC&#039;S feeble defence confirms abject failure to report Labor fairly"
56.12158076611551,13.305840215275843,"Denmark","#8 TOP STORY 2025: Skilled visas expose cracks in Government immigration policy"
-33.23056239211551,151.84623663652516,"Australia","Lack of hospital maintenance planning exposed"
-33.93787884989679,150.848878814851,"Australia","Hero Properties sells O’Connor warehouses for $6.8m"
-33.631088676642214,151.1074537230598,"Australia","Coalition &#8216;to vote against&#8217; government&#8217;s hate speech laws as religious groups rais"
-34.58628027399132,150.32071904808,"Australia","Trump&#8217;s attack on Fed could speed up investment pivot"
-34.336857092211446,151.80627712355323,"Australia","Donroe doctrine. Trump, Australia and the &#8216;Rules Based Order&#8217;"
-34.08534110977066,151.51650164096134,"Australia","Exiled gangland tobacco boss arrested in Iraq"
-34.722936311136145,151.39050745404273,"Australia","Hate speech and social cohesion. Will new laws stop hate?"
-34.06552185834156,152.11305924644407,"Australia","Netflix could amend Warner Bros bid to make it all cash"
-32.91087580771534,151.2243236001267,"Australia","Next US ambassador will have &#8216;no simple task&#8217;"
55.2271790405864,13.207227079177688,"Denmark","Need 1 week to assess situation"
55.37454307807558,11.96679735501847,"Denmark","Yet-to-start mega projects: Consider putting  them on hold"
56.22526345422909,12.351734841929972,"Denmark","Electricity crisis may worsen"
56.459318103148156,12.782336230120373,"Denmark","Good news for employees, 3 days holiday is coming in 2 phases"
55.80169193429422,11.808390455247368,"Denmark","Italy summoned the Iranian ambassador"
56.427916533306124,12.82896033655526,"Denmark","Government employees are getting four consecutive days off"
-14.915136240015988,-48.44247175590081,"Brazil","Presidente da Col�mbia anuncia reuni�o com Trump nos EUA em fevereiro"
-15.346302682321573,-47.288950735421075,"Brazil","Ex-presidente da associa��o de magistrados tentar� vaga na C�mara pelo PSD-RJ"
-16.58127373373511,-47.63657670365723,"Brazil","Pacheco recebe Messias e diz que aprova��o para o STF ainda depende de ajuste entre Lula e Alcolumbr"
-16.029816929380658,-48.040011151916744,"Brazil","Esquerda silencia sobre Ir� ou emenda cr�tica aos EUA"
-16.18456551548379,-48.458240376875175,"Brazil","Lula pede a ministro da Justi�a foco em seguran�a e condiciona nova pasta a recurso"
56.38531764884523,12.5863413115549,"Denmark","Argentina’s Two-Speed Market: A Stronger Peso, A Weaker Stock Tape"
54.97136907784814,12.509647167087575,"Denmark","Bolsonaro Takes Stand in Coup Trial"
55.171924379000934,11.712276127382538,"Denmark","Analysis: NYT’s bizarre coverage and omissions of Bolsonaro’s murderous coup plot"
54.8466620313927,13.485086018164381,"Denmark","Minister warns of &#8220;industrial-scale&#8221; organized disinformation campaign, hindering disast"
56.41789959962474,12.94626972373791,"Denmark","Local Government&#8217;s responsibility for Porto Alegre flood catastrophe"
56.4743309656928,12.327781078558463,"Denmark","US Congresswoman Takes Down Fantasist Republican Committee Hearing on Brazilian Democracy"
55.858479928095726,12.321354595684664,"Denmark","Greenwald accused of thinking he is “civilizing the natives”"
-16.723010818060445,-46.91359423293885,"Brazil","Presidente colombiano anuncia reunião com Trump nos EUA em 3 de fevereiro"
-16.479537804000923,-47.85305575060978,"Brazil","Lula sanciona Orçamento de 2026 e veta R$ 400 milhões em emendas"
46.27557324560409,-76.53101714093741,"Canada","Ford government pausing its own affordable housing policy, calling it &#8216;red tape&#8217;"
45.000153392978405,-75.70048395984314,"Canada","Calgary woman&#8217;s act of self-defence prompts another victim to come forward"
55.34819557566906,12.139838615626045,"Denmark","Kinross proceeds with construction of Phase X, Curlew and Redbird 2"
55.62656333734708,13.474388370088377,"Denmark","Trump&#8217;s Rare Earth Push Extends Lifeline to Green Tech"
55.3432804554396,11.692205414345883,"Denmark","Tasha Kheiriddin: Legault&#8217;s departure may signal a return to the past for Quebec"
55.662819354682206,11.599013739782084,"Denmark","Ardeshir Zarezadeh: Canada must support this rare opportunity for regime change in Iran"
55.95623006433714,12.991217222723884,"Denmark","Detained protester Erfan Soltani faces execution in Iran"
55.662477765007104,13.060599027719102,"Denmark","LILLEY: Trump doesn’t want Canada building cars — and China wants total domination"
54.73775469954378,11.722348200030401,"Denmark","Bonnie Crombie officially out as Ontario Liberal leader"
51.87215144787758,13.391679740554126,"Germany","Konflikt um Arktisinsel: Erkundungsteam der Bundeswehr für Grönland gestartet"
53.36917181359703,14.358427536002294,"Germany","Debatte im Bundestag: Geplante Grundsicherung sorgt für Streit im Bundestag"
51.52002505429216,13.613095764480942,"Germany","Erkundungsmission: Warum die Bundeswehr jetzt Soldaten nach Grönland schickt"
52.82096203040183,13.255001298308397,"Germany","Deutschland-Blog: Opposition wirft Regierung Lügen und Hetzkampagne vor"
52.09646334487442,13.547390543206893,"Germany","Obsidian & Claude Code: Der neue Superassistent für Wissensarbeiter"
51.948158267001006,13.263159854595624,"Germany","Ukraine: Zynismus im Parlament"
51.92073658274041,14.19585360190078,"Germany","Wärme im Winter: Die Heizungsfrage"
52.71273550758377,13.795278177846473,"Germany","Experte über Krafttraining: Das sind die besten Muskelübungen!"
53.42895721096565,12.476640210861664,"Germany","In Castrop-Rauxel: Jugendlicher stirbt nach Stich in den Hals – war es Notwehr?"
52.490606447094564,14.175035053103688,"Germany","DRK warnt: In ganz Deutschland fehlen Blutspenden"
52.37086082035993,13.255742197025793,"Germany","Proteste in Iran: Die Geldquellen der Mullahs"
53.45060874167136,12.956556203315618,"Germany","WarenFlut: Chinas Exporte setzen deutsche Autobauer unter Druck"
53.304600100037064,13.134191663009437,"Germany","Nach Gerichtsurteil: Steigt die Besoldung für Beamte?"
53.279528959082384,14.075282585359213,"Germany","Update von Betroffener: Die Bettwanzen sind immer noch da"
53.14215542396404,12.675226419519623,"Germany","Deutscher Exportschlager: Warum die Amerikaner Aldi lieben"
52.07794922376913,13.505649937773084,"Germany","Zukunftsforscher warnt: „Den Studenten fehlt es an fundamentalen Fähigkeiten“"
52.929447073223535,12.435052125923926,"Germany","Psychotherapeutin im Interview: „Alles wird zum To-do, selbst Freunde treffen“"
52.01978888840048,13.511259395698241,"Germany","Kolumne „Midlife-Crisis“: So schlecht (wie mit 40) ging es mir noch nie"
53.199130172251024,12.645763613331075,"Germany","Geldanlage: Die zehn Lieblings-ETF der Vermögensverwalter"
53.156245751465484,13.212716174985115,"Germany","Vor dem Hausverkauf: „Eigentümer bewerten ihre Häuser oft viel zu hoch“"
52.3147291903768,13.031374678390538,"Germany","Bas kontert Kritik der Opposition an Grundsicherung"
53.186802882599856,13.396449931352809,"Germany","Venezolaner in Spanien: Hoffnung auf Regimewechsel - aber wann?"
51.662272883268066,14.085803358632237,"Germany","Tierhaltung: Schwarz-Rot will noch mal ran ans staatliche Label"
53.30638365875344,12.914250633194957,"Germany","Erbschaftsteuer: Warum manche Unternehmer mehr Besteuerung wollen"
52.60951358435316,13.09887748180396,"Germany","Debatte über Erbschaftsteuer: Merz weist SPD-Pläne zurück"
52.98228370857887,12.534283295975339,"Germany","25 Jahre Wikipedia: Der Kampf um die Fakten"
53.27691922395526,13.564917833271927,"Germany","11KM-Podcast: Ist das Regime im Iran am Ende?"
51.99236664523498,14.073550968564568,"Germany","Iranische Regierung weist Hinrichtungspläne zurück"
51.5842702287434,14.032825402235058,"Germany","Dänemark, Grönland und USA bilden eine Arbeitsgruppe"
53.21131949543936,13.205488702217187,"Germany","Dänemark: Keine Einigung mit USA bei Grönland-Krisengespräch"
52.91213658833768,13.53589771299866,"Germany","USA ziehen Hunderte Soldaten von Militärstützpunkt in Katar ab"
53.251209039414164,13.945150179620367,"Germany","Was ist dran an den Vorwürfen gegen Wirtschaftsministerin Reiche?"
52.412173867517176,12.883837028184447,"Germany","Marktbericht: DAX fällt leicht zurück"
52.478054352747485,13.420400242477315,"Germany","EU warnt vor mangelnden Qualitätskontrollen bei Olivenöl"
52.25191562886623,12.917127430356398,"Germany","In fünf Bundesländern: Großrazzia gegen Schwarzarbeit in Nagelstudios"
51.82306845488702,12.659904507653165,"Germany","Jagdgesetz im Bundestag: Wird der Abschuss von Wölfen erleichtert?"
53.20750473969738,13.000061795416658,"Germany","Was sind die Lehren aus dem Berliner Blackout?"
51.78289431949338,14.003099267961295,"Germany","German military personnel set to arrive in Greenland"
53.143924342036875,12.8571354684702,"Germany","Germany news: Economy narrowly avoids 3rd year of recession"
53.02754671363503,13.359288487720928,"Germany","Iran updates: Trump holds off on strikes after assurances"
53.110405809602845,14.129115121390303,"Germany","Iran updates: &apos;No plan&apos; to hang people — foreign minister"
52.10055504955052,13.251179845795901,"Germany","Trump hails call with Venezuela&apos;s &apos;terrific&apos; interim leader"
52.43375072772552,12.996239416471987,"Germany","&apos;Fundamental disagreement&apos; with US over Greenland remains"
53.36612079308722,14.01195742015242,"Germany","FBI searches Washington Post reporter&apos;s home"
53.23474813878584,12.799947451279715,"Germany","Tech-savvy Mykhailo Fedorov is Ukraine&apos;s new defense minister"
53.22329599135219,12.567791137572929,"Germany","Syria: No end to conflict between Kurds, central government"
51.99829626785571,13.056706696417544,"Germany","Germany: Bundestag president pushes changes to security"
52.030498805581715,12.482074914956932,"Germany","Germany news: 2 men charged with planning attacks for Russia"
53.0369597959989,13.11862783645239,"Germany","Kazakhstan oil output plunges as Ukraine&apos;s drones hit Russia"
51.67445412262681,12.734008315831751,"Germany","Australia: Writers&apos; festival called off amid boycott"
51.66390329349881,13.904675282636052,"Germany","NATO talks Arctic security for Greenland amid US pressure"
51.768545574878914,13.929470783880122,"Germany","Croatia reintroduces conscription after almost two decades"
53.45494443037524,13.25225424948319,"Germany","AI concerns and slow growth put brakes on EU job market"
52.94095951130956,13.448855398851032,"Germany","From Guatemala to Panama: US affairs in Latin America"
53.080136786347836,12.68790817697641,"Germany","Germany news: Dobrindt vows to fight left-wing extremism"
41.042734825669875,-3.266788588342348,"Spain","&#039;They get caviar&#039;: Why Spain&#039;s regions are angry about Catalonia&#039;s public financ"
41.34396415631435,-2.7448873681378294,"Spain","What&#039;s the latest on rollout of Eurostar, Eurotunnel and Dover EES border checks?"
39.78130050032185,-4.445636950302854,"Spain","Hack hits Spanish energy giant Endesa&#039;s customer data"
41.11485183642632,-2.773119149680163,"Spain","Spain to offer 100 percent tax rebate to landlords who don&#039;t raise rents"
40.67392092655425,-4.0944017629823115,"Spain","Delcy Rodríguez y María Corina Machado se disputan el favor de Trump"
40.377717798251176,-4.297973342607382,"Spain","Contra el orden mundial hobbesiano de Trump"
39.85351089825795,-3.346170458514012,"Spain","El ‘no a la guerra’ de Pedro Sánchez"
41.27703884765187,-4.309850539791508,"Spain","Trump tiene un serio problema en Cáceres"
41.02654403444019,-3.23457611077405,"Spain","Dinamarca y Groenlandia consideran “totalmente inaceptables” las amenazas de Trump tras reunirse con"
41.26848442177154,-3.405478203734261,"Spain","El PP prepara el terreno para que Mazón deje el acta de diputado o lo expulsarán al grupo mixto"
40.05850166702299,-3.6696148709213454,"Spain","La resolución para evitar nuevos ataques sobre Venezuela cae en el Senado tras ceder dos republicano"
40.08977608938244,-2.8140172116025646,"Spain","Exteriores recomienda a los españoles en Irán que abandonen el país"
55.36820929228862,13.458474308685739,"Denmark","Cristina Álvarez aterriza en la presidencia de El Corte Inglés y anuncia inversiones por 650 millone"
56.31784205172171,13.377089275985789,"Denmark","Lucena: ""Aena se siente perjudicada por la subida de los billetes de las aerolíneas"""
54.79119728611744,11.94681361409382,"Denmark","Las políticas impredecibles de Trump  llevan a Pimco a diversificar fuera de EEUU"
56.34473892651919,13.023833736336588,"Denmark","Robles no descarta que España participe en una misión de vigilancia en Groenlandia, pero apela a la "
54.99541068048051,12.447640457935131,"Denmark","Military miles: Cartagena announces 15th Route of the Fortresses"
55.446002232229155,11.905585885385328,"Denmark","Ryanair slams Belgium’s &#8216;idiotic&#8217; proposed aviation tax rise, threatens to cut 2m seats"
55.197034302313455,13.35978408668543,"Denmark","Catalan is heading for EU status &#8211; Spain says it’s only a matter of time"
55.451764701177616,11.885987512165723,"Denmark","UK Issues New Travel Warning for Switzerland"
54.827426210713334,12.619550709297076,"Denmark","Benidorm faces €333 million urban compensation bill after Constitutional Court ruling"
48.67278609903672,2.7642242328808977,"France","US says Gaza truce enters phase two, after forming Palestinian committee"
49.53205811575147,1.375834650084815,"France","Live: Macron delivers his New Year's address to the French army"
48.788074750597275,2.8642082463280842,"France","Ukraine: Zelensky declares energy emergency after Russian strikes"
49.109518670996025,2.957988972169823,"France","NATO allies move troops to Greenland in European military mission"
49.607559440855205,2.3652672711660117,"France","Another ICE shooting fuels chaos in Minneapolis"
49.50374412236194,2.6424933348629134,"France","Ugandans vote amid internet blackout and police repression"
49.074793187013846,1.371451768177221,"France","For Syria’s new rulers, Sunni clans hold the key to stability – and ending sectarian strife"
47.88523126730447,3.229644141634407,"France","Trump calls Venezuela’s interim president 'a terrific person' after phone call"
56.4992193764216,11.975952494308844,"Denmark","Flood warning for Brantford issued by Grand River Conservation Authority"
48.650780006043014,1.6580438241735052,"France","En Ouganda, plusieurs bureaux de vote n’ont pas ouvert pour l’élection présidentielle ; l’opposition"
54.97361329204588,11.773743481006788,"Denmark","Pourquoi la victoire sur l’inflation est à la fois une bonne et une mauvaise nouvelle"
55.4506871900178,11.799074811460265,"Denmark","Municipales à Paris : Dati-Chikirou, la convergence des brutes"
56.61231333105914,13.190364224000534,"Denmark","Municipales à Paris : Sarah Knafo, la candidate d’extrême droite qui n’arrange pas les affaires de R"
56.602230197312004,13.224414872291376,"Denmark","Service militaire, loi sur la fin de vie... Quels sujets Macron va-t-il aborder lors de ses voeux ce"
49.325321449824095,3.093109158540357,"France","Le Finist&#xE8;re plac&#xE9; en vigilance orange pour un risque de pluie et d'inondations"
49.78566265438556,1.6378892549623068,"France","La dispute conjugale dégénère, il brandit un couteau contre son épouse, leur fille de 14 ans s’inter"
48.41858959802628,1.885712040219845,"France","Procès de l’Ordre des Esséniens en Aveyron : le parquet a requis la démolition de leurs construction"
49.10132528626918,3.301111826870774,"France","Municipales 2026 : l’État s’associe à Tinder pour inciter les jeunes électeurs à voter"
49.81494165774295,3.2116468737018202,"France","Summoning of Iran’s Ambassador to France (13 January 2026)"
48.80942365397324,1.8276708287276628,"France","United States – Conversation between Jean-Noël Barrot and Secretary of State Marco Rubio (12.01.26)"
48.74490824950863,1.9504102236871215,"France","G7 - Minister for Europe and Foreign Affairs calls his G7 counterparts (6.01.26)"
47.9504133823211,2.5608025231396545,"France","Cambodia / Thailand – Ceasefire and release of Cambodian soldiers (31.12.2025)"
49.753365952363204,1.350764467504208,"France","Bangladesh – Death of former Prime Minister Khaleda Zia (December 30, 2025)"
48.71917130087168,2.4886508907859106,"France","Justice Mission 2025 exercises around Taiwan (December 30, 2025)"
47.94614873071396,2.1697338453787873,"France","The Gaza humanitarian response - Joint statement of the foreign ministers of Canada, Denmark, Finlan"
48.745036724281945,3.128165096646475,"France","Lebanon – Israeli army gunfire in the proximity of UNIFIL patrols (27 December 2025)"
52.249155433703656,-0.6031775360944153,"UK","Inside Maduro's 'hell on Earth' jail with 'white room' torture chamber where enemies were raped and "
50.663981341309785,0.17562805363200196,"UK","The Saag Aloo-gitive: Award-winning Indian restaurant owner goes on the run after multiple food safe"
50.82050981868582,-0.39281860565476967,"UK","Moment police ram taxi carrying two British drug cartel kingpins as they attempted to flee county"
51.55980945542467,-0.9271058471455028,"UK","Freddie Mercury's 'secret' daughter dies aged 48: 'Bibi' passes away following long battle with spin"
51.23372645440586,-1.0462341804347686,"UK","Fears for British couple detained in Iran on espionage charges after UK closes embassy in Tehran ami"
52.27296799601919,-0.030938891113518552,"UK","Dutch activist is 'barred from Britain' after criticising Sir Keir Starmer: Anti-migrant commentator"
51.64974284836796,-1.0435556012713891,"UK","Windrush victims to be paid compensation upfront under new government plans"
51.42676209836333,-0.31713901353835816,"UK","Reform UK announce former Tory Lord Offord as new leader in Scotland"
50.92177229015504,-0.5523859111651223,"UK","Elon Musk’s X restricts Grok photo editing amid concerns about sexualised images"
51.36102917412972,-0.6609104686204105,"UK","UK economy in surprise return to growth in November despite Budget uncertainty"
52.13506210888215,-0.21062181467744,"UK","Three Palestine Action activists end hunger strikes after 73 days"
52.000866686656956,0.01266165459523172,"UK","Cousins win battle for fortune after heir hunters investigate grandad’s mysterious ‘romantic life’"
51.54295103519371,-0.3176636878017721,"UK","Larry the cat causes chaos during Polish president’s visit to Downing Street"
51.70707285888126,0.4369930487066668,"UK","Top chef defends one-star hygiene rating at his Michelin-star restaurant"
52.10899297077734,-0.3024115779266011,"UK","Labour ban on peaceful protest at animal-testing centres slated as ‘draconian assault on democracy’"
52.404592366908766,0.046466239595667314,"UK","Landlords issue £10 pint of Guinness warning as maker hikes prices again"
51.49743536550331,0.6123487230808821,"UK","Starmer ‘won’t back down’ in fight with Musk’s X over Grok AI sexualised images"
51.5248010556743,-0.2727900312940964,"UK","Irish police investigating hundreds of reports of Grok child abuse material"
51.73646771429795,-1.0425065855062936,"UK","LGB+ people nearly three times as likely to die of drug poisoning, official figures show"
52.22192963135704,0.37949598955496977,"UK","Labour minister says voters want to cancel 'pointless' local elections in huge Reform row"
52.429793829017754,-0.14665609206686636,"UK","Trump's ally gives rare insight into US President's health - 'don’t know how he’s alive'"
40.88588596873829,117.31696535674025,"China","How Chinese corruption busters are tracking down bribes paid in cryptocurrency"
39.29037495348509,115.64805542399175,"China","Hong Kong watchdog warns against using Musk’s Grok AI bot to create indecent images"
39.93957406725154,115.79865342699289,"China","Hong Kong, Shenzhen push secure data corridor to unlock AI and fintech opportunities"
40.70639441416277,116.32454162464116,"China","US aircraft carrier steams from South China Sea to Mideast after Trump threat against Iran"
40.56975146984142,116.27678714454464,"China","Singapore’s PM Lawrence Wong removes Pritam Singh as Leader of the Opposition"
40.60915639332482,117.11063338223555,"China","South Korean leader Lee takes ‘pragmatic approach’ to reset ties with China, Japan"
39.577711805841346,115.73385888389215,"China","Malaysia says X must prove Grok is safe before ban is lifted: ‘abuse is not freedom’"
39.72725121630849,116.80224240733439,"China","Malaysia’s super-rich get cold feet as Langkawi luxury car tax perks vanish"
39.36777555486027,117.01613804684528,"China","Pakistan’s arms deals cleared for take-off as JF-17 orders soar from Muslim countries"
39.71377687778196,116.27714620558216,"China","Chinese military says it is developing over 10 quantum warfare weapons"
39.390181720647554,116.96914842699886,"China","Trump praises Venezuela’s ‘terrific’ interim president after call"
55.62967514971926,12.389565757964561,"Denmark","PKP Klaim Reborn Lewat Munas 2026, Tegaskan Ketua Umum Bukan"
54.80367227556032,12.588016313659498,"Denmark","UNM Bermitra dengan Teleperformance Indonesia, Perkuat Kerja Sama Industri"
56.18006802156113,11.921207597851025,"Denmark","Heboh Guci Emas yang Terkubur 900 Tahun Lalu di Karnataka: Jadi Rebutan Warga dan Pemerintah India"
55.37773333307696,12.878513360819843,"Denmark","Rekomendasi Wisata Jombang yang Instagramable"
56.390740838941994,13.014604819102587,"Denmark","Pemkot Cilegon Sabet Terbaik ke 3 di Grand Design Pembangunan Kependudukan Award"
56.2046445249904,12.090746999800983,"Denmark","European military personnel making their way to Greenland as Trump tones down his threats"
55.562249580163574,11.922001934560186,"Denmark","Iran's foreign minister took to Fox News to insist 'no hanging, today or tomorrow'"
55.12978174981122,11.818380433152997,"Denmark","'This is not over': Sinn Féin demands answers about Donohoe giving World Bank extra €10 million"
54.97615497932866,12.888504708725756,"Denmark","Galway under Status Yellow thunderstorm warning this morning"
55.19574487908147,13.248018149039755,"Denmark","Ten ministers who may owe up to €30k to State still haven’t paid back costs"
55.685576152806775,12.576725272758571,"Denmark","Trump wants Greenland: A crisis averted, for now…"
55.833392214127,11.851806758998578,"Denmark","Three Palestine Action members in UK prison end hunger strike action after over 70 days"
56.58168196414899,11.92673665517809,"Denmark","Denmark says White House talks failed to alter US plans to 'conquer' Greenland"
56.67827960228169,11.615875988613276,"Denmark","Gaza truce plan entering phase two as governance body formed, US says"
54.87377467300008,12.534457607251662,"Denmark","Is this the end of the Islamic Republic?"
54.84277705823839,11.696329779206984,"Denmark","'You wouldn't fire bomb a house': Gardaí ramp up campaign against 'casual' cocaine use"
56.36050666516012,11.730056549406779,"Denmark","Girl, 8, found bleeding and 'gasping for breath' after alleged knife attack by mother, trial hears"
54.7175763845268,12.366267380355525,"Denmark","George Nkencho raised a knife above his head shortly before he was shot by gardaí, inquest hears"
54.77951720910455,11.625720432141247,"Denmark","Loughrea's Cullen Killeen set to miss All-Ireland final after unsuccessful CAC appeal"
56.2647472560339,13.476765276484803,"Denmark","Former Rovers man signs for Dundee Utd as Noelle Murray bounces back from 'disgraceful' Shels exit"
55.82624206390019,13.141087762428661,"Denmark","Benetton's Eli Snyman to join Ulster on two-year deal"
54.75844980216716,12.56321597460245,"Denmark","Trinity College Dublin crowned Europe’s leading academic tourist attraction at the World Travel Awar"
56.45462758687697,11.620964976198989,"Denmark","The untold story of the women who helped build the US railroads"
55.41946183456484,12.349590900904229,"Denmark","Ex-Man United star wants best of British to lead the club going forward"
56.42281499021021,13.21233790235203,"Denmark","Ciara Mageean promises ""honest and raw"" account of cancer battle in new book detailing ""Highs and"
54.797494108295965,11.728749291104524,"Denmark","Shane O’Brien gives Loughrea late All-Ireland final boost after 13 months of injury hell"
55.99083172240576,13.357661395308527,"Denmark","Russia threatens to &apos;punish Europe severely&apos; in nuclear Armageddon warning"
54.78210306760139,12.087310779501394,"Denmark","Meath boss Robbie Brennan confirms talks with former Kerry underage star"
54.73305154055817,11.770301257304133,"Denmark","Only mum&apos;s headless torso left as she was bitten in half by great white shark"
52.04657742941689,0.5473674597443127,"UK","We can be heroes: the inspiring people we met around the world in 2025 – part two"
28.137405338010428,77.2456636211548,"India","Mamata vs ED: Bengal CM suffers SC blow; FIRs stayed, notices issued - what top court said"
28.15411065831545,76.30873457028513,"India","Maha civic polls: Indelible ink erased? State election panel clarifies, warns voters"
28.24070711031137,77.83717422972909,"India","‘Last chance for Giri, Caruana, Nakamura’: How those in 30s look before Candidates?"
28.254665675674723,77.37637208269352,"India","Who is Dr Nisha Verma? US senator asks Indian-origin doctor if men can get pregnant"
29.597293297017604,77.55934348579352,"India","Watch: IAF joins op to fight massive Nanda Devi forest fire; Mi-17 V5 helicopter deployed"
29.240705954806124,77.09347483900808,"India","Family over money: Did Messi decline 1.4bn euros? Al Ittihad chief reveals Saudi offer"
27.883738505925404,77.24814788814008,"India","2 held in Lucknow for killing friend over ‘who would arrange liquor’"
28.30178223554571,76.46361466044083,"India","I-Pac raids: In SC, ED alleges CM barged in, accuses her of theft; Mamata calls it a ‘blatant lie’"
28.91665966843122,76.4374104600561,"India","WHO urges governments to strengthen taxes on sugary drinks: Doctors welcome the move"
28.133116820195216,76.27084235771854,"India","Singapore Prime Minister Wong removes Indian-origin LoP Pritam Singh"
28.511861241366557,77.64326396103868,"India","Watch: CDS Gen Anil Chauhan, Army Chief Gen Upendra Dwivedi lay wreath on Army Day"
29.41794146977046,76.29753284362317,"India","Colombian President to meet Trump in U.S. on February 3"
27.93665485662169,77.05480483722684,"India","Trump questions Reza Pahlavi's ability to garner support in Iran"
27.766749086444438,76.72708536791983,"India","Iran closes its airspace to commercial aircraft for hours as tensions with U.S. remain high"
28.685025766759985,77.57988005501173,"India","""Hindi? This Is Maharashtra"": Aamir Khan Wades Into Language Row On Poll Day"
28.296416492907124,77.67142512890132,"India","Iran Brings In Iraqi Militia To Crack Down On Protesters Amid US Threats"
27.650294865130192,77.80623061349903,"India","Opinion: Opinion | Air Bases To Ships, This Is How Iran May Really Respond If Trump Strikes"
27.92115983303369,78.13414882575273,"India","'More Positions Than Kama Sutra': UK PM Mocks Tories On Policy U-Turn"
28.949579696685745,76.63535553436017,"India","78th Army Day Parade: BrahMos Missiles, Bhishma Tanks Roll Through Jaipur"
27.949139869836653,77.19479304005513,"India","At Akal Takht, Bhagwant Mann Dismisses Viral Video As AI-Generated"
27.851895030787837,77.22265499125756,"India","""Emotions Can't Go Out Of Hand"": Top Court On Mamata Banerjee vs Probe Agency"
27.914594689589034,77.1031865293485,"India","Was meant for Shah Rukh: UP Minister walks back 'anti-national' Salman Khan rant"
27.91629550256527,76.58316071488315,"India","Why marker pens and not ink? Opposition alleges fraud in Maharashtra civic polls"
55.52381661280759,12.500234719825814,"Denmark","Amid Iran protests, Jaishankar speaks with Iranian foreign minister Araghchi: 'Discussed evolving si"
55.49353842019524,12.180487536612988,"Denmark","9 Amrit Bharat Express to be launched soon, cross 9 states; check routes, train number, timings"
55.48421859115728,11.747431403087441,"Denmark","Indian army chief General Upendra Dwivedi's strong statement on Pakistan-China 1963 agreement over S"
56.16982806406331,12.79208314054958,"Denmark","Why political boldness dies inside files?"
55.11637754490462,13.524367713649578,"Denmark","Fire breaks out at BJP MP Ravi Shankar Prasad's official residence in New Delhi, no damage reported"
28.557141815704853,76.45750080400944,"India","MP Supriya Sule Raises Concerns Over EVM Malfunctions, Cash Distribution Amid Maharashtra Municipal "
29.170198933938412,76.25988857961259,"India","Mumbai BMC Elections 2026: Salman Khan, Aamir Khan, Ranbir Kapoor, Kareena Kapoor Khan & Other Celeb"
28.385986345971478,77.06850382672827,"India","Pune & Pimpri-Chinchwad Civic Polls: Fate Of 1,845 Candidates Across 293 PMC-PCMC Seats To Be Clear "
27.964961667091917,76.44598345995018,"India","Nashik: Shiv Sena Workers Attack BJP Candidate&apos;s Home Over Money Distribution Allegations"
29.104853388563857,77.38443995849934,"India","Pune Municipal Corporation Elections 2026: Counting Of Votes To Take Place At THESE Centres"
29.112199390245806,78.19979059669824,"India","Mumbai BMC Elections 2026: &apos;This Is Murder Of Democracy,&apos; Says AIMIM Spokesperson Waris Pa"
28.71372476924188,77.5353188362378,"India","Pune Municipal Corporation Elections 2026: Bogus Voting Allegation Surfaces In Mohammadwadi-Undri, S"
28.51160187289241,78.02162768334883,"India","BPL Toss Delayed As Players Boycott Match Over BCB Official&apos;s Remarks"
27.890566386343846,77.89717457726516,"India","Mumbai BMC Elections 2026: Heartwarming Gesture Of Police Providing Assistance To Senior Citizens At"
27.61072645027638,76.38660445111701,"India","VIDEO: UP Minister Raghuraj Singh Withdraws &apos;Anti-National&apos; Remark On Salman Khan, Says St"
29.00687672653924,76.52003439796503,"India","Nashik Civic Polls: 14.31% Voting Recorded Till 11:30 AM; Technical Snags Cause Delays"
28.626032956013002,76.6221278686312,"India","&apos;There Will Be  Lawlessness&apos;: SC Issues Notice To West Bengal CM Mamata Banerjee, Stays Pr"
29.31382080679455,77.32658105275273,"India","Pune Municipal Corporation Elections 2026: Voter Turnout Reaches 26.28% By 1.30 PM"
56.58821853347835,13.321524115554018,"Denmark","PM Modi distributes 71,000 appointment letters to new recruits"
56.29115118329794,12.008586494100713,"Denmark","PM Modi takes ride in Mumbai metro; interacts with students"
55.560958682721306,12.176997494887413,"Denmark","Rajasthan CM Gehlot 'likens Sachin Pilot to coronavirus', video goes viral"
55.86789998207781,12.19634647411856,"Denmark","First time since independence, India has courage to turn dreams into reality: PM Modi"
55.90638233458373,12.17743224722033,"Denmark","No issue with crypto currency, if all laws of the land are followed: MoS Rajeev Chandrasekhar"
55.781315824132335,12.56822562834752,"Denmark","Slogans of ‘Khalistan Zindabad’, ‘Referendum 2020’ painted on walls in Delhi, removed"
55.68440703670802,11.764714046758916,"Denmark","Rishi Sunak shuts down Pak-origin UK MP over BBC documentary against PM Modi"
55.84462708770551,12.744815918897299,"Denmark","India 'strongly condemns' back-to-back vandalism of Hindu temples in Australia"
54.70561998386721,12.149228608882561,"Denmark","We want neighbourly ties with Pak but...: India's staunch reply to Pakistan PM Sharif’s remark"
56.03551950790297,12.695548951051533,"Denmark","'Propaganda piece, designed to push...': India lashes out at BBC documentary on PM Modi"
28.840099827879293,78.08087413864672,"India","Donald Trump claims killings of Iranian protesters have stopped"
28.079515634766295,77.93814895056329,"India","Maharashtra: Voting begins in Mumbai, 28 other municipal corporations"
28.734844654290242,77.85468348054562,"India","India asks citizens to leave Iran as anti-government protests continue"
29.189262159166212,78.18424146912184,"India","I-PAC row: Calcutta High Court disposes of TMC’s plea after ED denies seizing documents"
28.110908962026663,77.69822450899846,"India","Zubeen Garg was ‘severely intoxicated’, swam without life vest before drowning: Singapore Police"
28.777054275987922,76.50189278022577,"India","Karnataka HC stays probe against spiritual teacher Ravi Shankar in encroachment case"
28.68550268767586,77.47954056179493,"India","‘Taskaree’ review: Show about smugglers and Customs officials is dutiful and dull"
27.931448804866886,76.84939305622838,"India","PM Cares Fund has right to privacy under RTI Act even if it is government entity: Delhi HC"
29.420753016923186,76.83153577210574,"India","Donald Trump urges Iranians to keep protesting, says ‘help is on its way’"
28.422339737728755,77.40766299540726,"India","EC tells SC it is entitled to examine citizenship to decide on including voters in electoral rolls"
28.29841568256091,77.20477594907406,"India","Rush Hour: Platforms told to end 10-minute delivery claims, SC sets liability for dog attacks & more"
27.803711578385006,78.15131746877428,"India","Iran official says 2,000 killed in anti-government protests: Report"
29.021886293493317,77.34237806801137,"India","From scavengers to territorial animals: Can India’s stray dogs co-exist with humans for much longer?"
28.597236345261912,77.65476302550732,"India","Labour minister urges quick-commerce firms to drop 10-minute delivery claim: Reports"
29.439446834144835,77.97248948590283,"India","Civic bodies, animal feeders could be held responsible for stray dog attacks: SC"
55.23188704689212,11.697498124091933,"Denmark","Government urges corporates to deepen engagement with startups"
56.67272243109698,13.38425429086572,"Denmark","After Panama Canal, US President-elect Donald Trump expresses desire to control Greenland, calls it "
56.15136680361768,12.53457938766888,"Denmark","Uttar Pradesh: 3 wanted Khalistani terrorists neutralised in encounter, terrorists had attacked Punj"
55.35729772774049,13.313793713810425,"Denmark","Bihar Congress : कांग्रेस के सभी छह विधायक एक साथ पलट जाएंगे? भूत-वर्तमान और भविष्य के साथ आशंका-संभ"
54.92695291193147,11.693585655795083,"Denmark","Nothing says your next phone will be more expensive, specs race is over"
56.31872283841242,13.161796418359522,"Denmark","OnePlus CEO faces arrest warrant in Taiwan amid major probe"
55.099858976979114,12.929967067899872,"Denmark","Best of Android 2019: And the winner is..."
55.74912328625849,11.588689428158148,"Denmark","Google > Ring. Snapdragon > Apple A13. 2 Zooms > Zoom."
56.36189653564067,13.553883895691321,"Denmark","Google’s Fit, Moto’s RAZR, and who the hell is BBK??? Featuring Andru Edwards from Gear Live!"
55.575730577412266,12.259308843996159,"Denmark","Motorola’s new RAZR, and Google Pixel 4 final thoughts"
55.550683735173045,11.941156715598298,"Denmark","OnePlus 7T Pro, Essential Gem, Threads by Instagram, Google's Rules and other existential questions"
55.016265902945825,12.057689788352539,"Denmark","Huawei Mate 30 Pro Podcast Review: It’s Complicated"
55.285138622295165,12.08576380535342,"Denmark","Here's why OnePlus CEO Pete Lau is facing an arrest warrant in Taiwan"
56.60903422713861,12.66596472294225,"Denmark","AYANEO hits pause on Pocket Play campaign as part of its 'Service Improvement Plan'"
56.14041005877691,13.410037313407852,"Denmark","Battle of Gen AI: Google's Gemini gains ground on its ChatGPT competitor"
56.3678825513568,12.023976640074633,"Denmark","Mobile World Congress FALLOUT"
55.7658310246097,12.324317716150713,"Denmark","Battle Of The Foldables"
56.112065573740615,12.534946430422536,"Denmark","The Curious Case of the Crumbling Google Pixel 7 Pro"
54.74554741102826,13.376026597315821,"Denmark","Galaxy Tab S8 series new leak reveals almost everything"
56.26814004436274,12.969230151881545,"Denmark","Malicious authenticator app removed from Google Play Store"
55.91960230404419,12.517168190550324,"Denmark","iPhone owners are pickier about apps than Android users"
55.58516771776125,13.28777315554117,"Denmark","Apple makes it harder for creeps to use AirTags for stalking"
56.60443689547079,13.53269842117059,"Denmark","Fleeceware apps scam $400 million out of unsuspecting users"
55.88911969959764,12.684172681587114,"Denmark","Galaxy S25 Sales Going Up When It Should Be Going Down"
55.650809079801824,12.150359153998885,"Denmark","Apple is working on encryption support for RCS messages"
55.669088602888415,13.33784749944466,"Denmark","Oppo A6c debuts as rebadged A6t 4G"
55.93473051917622,11.999880967209648,"Denmark","Motorola Signature's India launch date confirmed, pricing leaks"
56.512566854589735,12.702821154402287,"Denmark","iPhone Fold may use a liquid metal hinge, new leak suggests"
55.03356100538236,12.021133137568164,"Denmark","Realme Neo8 showcased in all three colorways"
56.03967963464723,13.55617372806614,"Denmark","Google Pixel 10a price leaks along with its release date"
55.67951367058094,12.008948565998871,"Denmark","Google launches Personal Intelligence for Gemini"
55.74121796373454,12.042413900784348,"Denmark","Samsung Internet for Windows is now widely available, no more restrictions"
56.27725028836381,11.780753972190517,"Denmark","Motorola Moto G (2026) in for review"
55.834405181560506,12.987453822058011,"Denmark","Nothing Phone (4a) series to have improved storage, possibly higher prices"
55.22206142184187,12.164644721656746,"Denmark","Samsung Galaxy S26's charging speed may surprise you"
56.1644905654785,13.415970182061606,"Denmark","RedMagic 11 Air design, color options, and display specs revealed"
55.35729402052172,11.802955134620937,"Denmark","Huawei Pura 90 Ultra camera module design and specs leaked"
55.88736999988673,13.135253331326346,"Denmark","Google Meet’s conference room detection is now available on Android and iOS"
55.34887212479404,11.631235332924799,"Denmark","New Realme P-Series smartphone teased by Flipkart, could be the P4 Power with a 10k mAh battery"
56.50481711716047,12.584664038687919,"Denmark","Apple's self-developed AI server chip expected to enter mass production this year"
56.251932704443426,13.193931056853632,"Denmark","IDC: Smartphone shipments up 2.3% in Q4 2025, Apple is the clear winner"
55.65072636583903,12.312251378129226,"Denmark","Garmin&#8217;s New Quatix 8 Pro is Official with up to Two Weeks of Battery Life"
55.28109649570402,12.739334775180344,"Denmark","T-Mobile Announces Premium Better Value Plan With Perks"
55.68341066085036,12.419864595610932,"Denmark","Android developer verification"
54.70324317243725,12.773351725091691,"Denmark","Autofill in Compose"
56.36547351589622,12.197799061947082,"Denmark","Episode 192: The Path Forward"
55.1956926567591,11.725925275455424,"Denmark","Programming Priorities"
56.56109532109581,13.446494663776338,"Denmark","Dan's Edina Sample Ballot Election (2024)"
55.06836698350956,11.749949483419664,"Denmark","Edina City Council (2024)"
55.982924752674606,12.424594674593214,"Denmark","Edina Mayor Election (2024)"
56.44295165163681,12.288790725609068,"Denmark","Hennepin County Commissioner, District 6 Election (2024)"
54.93838485055891,12.095763331328966,"Denmark","Software Development is Nonlinear System"
55.20253511616675,13.551662746552601,"Denmark","JavaScript Nulls and Programming Minutiae"
55.40312686200266,12.861821007101145,"Denmark","300 - From Vibe coding to Software engineering"
54.73760121209475,12.979136316141838,"Denmark","Fetch and Render GitHub Markdown without CORS"
55.366673615962256,12.181644668447547,"Denmark","Open Source in Focus: 4 Tools That Keep Systems Running"
55.63377835979094,11.925580592398946,"Denmark","Open Source in Focus: Projects We’re Proud to Support"
55.5729603452359,13.395808933452562,"Denmark","The Launch of Developer Productivity AI Arena: An Open Platform for Benchmarking AI Coding Agents"
56.15768739504699,13.295080855538611,"Denmark","Introducing Developer Productivity AI Arena: An Open Platform for AI Coding Agents Benchmarks"
54.90959959183975,12.804365072404153,"Denmark","JetBrains Recognized in the 2025 Magic Quadrant™ for AI Code Assistants"
55.08355579856213,11.598911752550551,"Denmark","Identifiers aren’t Services"
56.046008429604605,12.168709316723831,"Denmark","Tips for Android Nougat&#8217;s bundled notifications"
54.80770675321775,11.975827625684516,"Denmark","One Last View of Mom"
56.62040295105366,12.965635717582572,"Denmark","Celebrating 5 years of Kotlin on Android"
55.49346494971052,13.330372583499733,"Denmark","All About Opt-In Annotations"
56.29772496101055,12.798667425946945,"Denmark","Netflix just unveiled its first big podcasts that are all-new, here’s what’s coming"
55.431697348790266,12.280655368420147,"Denmark","Deals: Mac mini $110 off, Milanese Loop 25% off, Anker 25W display MagSafe stand, Home Key ULTRALOQ "
55.784813508382975,11.6524379595633,"Denmark","Shazam reveals its Fast Forward 2026 playlist of breakout artists to watch"
54.79836422305021,12.288153802938684,"Denmark","Apple @ Work Podcast: Assesing the most exciting features for IT with Apple&#8217;s recent software "
55.63278481882283,12.110641165494993,"Denmark","Apple Creator Studio takes one more step to an app subscription future"
55.487021941564024,12.039758300455842,"Denmark","Apple TV ""Pluribus"" is stepping off the screen and into the real world with merch"
56.127522612423924,11.604945846594275,"Denmark","Your stress-free tax season starts with this H&#038;R Block software deal"
55.849115104322344,12.441736763313754,"Denmark","It’s official — Google Gemini will power Siri’s major AI overhaul"
55.21113859314416,12.26718276460512,"Denmark","LLMs Have Made Simple Software Trivial"
56.33426606824578,12.347110556124795,"Denmark","Copilot Money: The Apple Editor&#8217;s Choice App for Managing Your Money [Sponsor]"
54.83829292360308,13.32477351960936,"Denmark","Ten years of Overcast: A new foundation"
56.335146158319276,13.395605357919944,"Denmark","Overcast 5.1 with Instant Search"
55.67182230654217,12.065587505597625,"Denmark","Why it’s hard to read the time on Infograph"
56.535407875865246,13.282533244067503,"Denmark","How to Update to iPadOS 26 on iPad"
54.69991324571583,12.874649948398583,"Denmark","How to Adjust Liquid Glass on Lock Screen of iPhone"
55.51286590772802,11.956266705655839,"Denmark","∞ The Dalrymple Report: Tim Cook, Siri, iPhone Pocket"
55.554939728602356,11.970718314361172,"Denmark","∞ The Dalrymple Report: Translation, Emmys, AirPods Pro"
56.09679737896278,12.149983901405452,"Denmark","11 Best Vinyl Record Storage for Design Aesthetes (2026)"
55.96010353143107,13.273038975697803,"Denmark","Norman Foster designs time capsule for America&#039;s 250th anniversary celebration"
55.862033521514796,13.488175156428643,"Denmark","David Chipperfield ice hockey arena set to be unfinished for Winter Olympics"
56.66425283953047,12.312540679372423,"Denmark","Musée du Louvre strikers call for €700 million renovation plans to be abandoned"
54.76731953228365,11.680152805455263,"Denmark","OFIS Arhitekti reconstructs historic post-war home in Slovenia"
56.183059332550165,13.463040951523492,"Denmark","Eight highly anticipated American architecture projects completing in 2026"
56.399386322656035,12.747689962923747,"Denmark","""Congestion pricing works"" in New York City say officials after a year in action"
56.33055599243756,12.125907967370281,"Denmark","An Urban Home That Spans Only 13 Feet Wide in São Paulo, Brazil"
54.86304503248092,12.665481601025066,"Denmark","International by Design: The 14th A+Awards Jury Unites Global Architectural Leaders"
55.29867852918724,12.103317215084857,"Denmark","Kilogram Studio uses playful perforations to scoop out functional space at an ice cream shop in Onta"
55.74414068050299,12.753425749697202,"Denmark","The California College of the Arts is closing, and Vanderbilt University will take over its campus"
56.49726741029533,13.321189142234603,"Denmark","curved glass atriums penetrate residence’s aluminum roof in bangkok"
56.06532107501293,12.460080720749305,"Denmark","Meet the Chat-Based Manufacturing Platform Streamlining Beauty's Supply Chain"
55.480577319013086,13.414009872176502,"Denmark","6 Beauty Trends Set to Take Over in 2026"
55.024841485446544,12.619585962863646,"Denmark","How Skin-Care Brands Are Using 'Ingredient Dusting' to Mislead Shoppers"
55.971277422758185,13.300589388475487,"Denmark","Step Inside Miu Miu Beauty's Miami Holiday Pop-Up"
54.77180389628229,12.498631932121043,"Denmark","Collagen for skin, tea tree oil for acne and other beauty questions &#8211; episode 199"
56.43837412109482,12.234844694397802,"Denmark","Amber Grimes, Executive Vice President and General Manager, Love Renaissance"
55.25906126797459,12.800689170305523,"Denmark","Parading Around With The New York Liberty’s Breanna Stewart"
55.229372570386026,12.82904428492821,"Denmark","Popsugar&#039;s 2025 Feel-Good Awards: Beauty Winners"
56.41824554032461,12.31708846300995,"Denmark","Publication day: Relearning to Read"
56.092397195670145,12.43756313256701,"Denmark","Latest Book News &#8212; January 10, 2022"
54.894036644089915,12.228795625184482,"Denmark","LATEST BOOK NEWS — SEPTEMBER 28, 2021"
56.33695729398404,11.607232045549933,"Denmark","New Science Fiction and Fantasy Books &#124; January 13"
56.37864583922928,12.628538521492228,"Denmark","Purple Hibiscus"
56.22046955261308,11.74060669467347,"Denmark","Turning Values Into Action"
55.53098093383184,13.01403833330038,"Denmark","Why Your LinkedIn Ads Aren't Working"
55.67965302255449,12.578803432816503,"Denmark","How to Stay Visible in the AI Search Era"
55.01188792009575,11.643799999580498,"Denmark","Why Branding Begins With Your Team Culture"
56.479072926169614,13.273944017298952,"Denmark","The Secret Weapon of Great Brands"
56.06827003340738,12.963149102086728,"Denmark","Unlocking Hidden Profits"
55.92816718337957,11.901768758501147,"Denmark","Where McKinsey&#8212;and Consulting&#8212;Go From Here"
56.39108208474631,11.675015750983592,"Denmark","Why Great Leaders Focus on the Details"
55.55854472362175,11.997173923383134,"Denmark","Future of Business: Standard Bank&#8217;s CEO on Driving Sustainable Growth and Shared Prosperity"
55.69093954569593,13.223601978333257,"Denmark","Larry Summers: &#8216;Smart Businesses Are Going to Maintain Flexibility&#8217;"
56.621028992400895,12.189509790640514,"Denmark","Lessons in Leading Through Crisis From Jacinda Ardern"
56.41669300363719,12.272787586441748,"Denmark","Unexpectedly Out of a Job? Here&#8217;s How to Bounce Back"
55.67732922771087,11.811559319867337,"Denmark","The Growth of the Private-Sector Space Industry"
55.84714619486508,12.71611842597569,"Denmark","Advice Line with Neil Blumenthal of Warby Parker"
56.04625710985586,11.719592443777795,"Denmark","Dollar Shave Club: Michael Dubin, From Zero to a Billion Dollar Exit in Five Years (December 2018)"
56.13084500726557,13.547254233812085,"Denmark","Babylist: Natalie Gordon. How a new mom used nap time to build a $500M business."
55.91008056899024,13.185886612506106,"Denmark","Advice Line with Michael Dubin of Dollar Shave Club"
55.646541089181866,12.259580661385527,"Denmark","Advice Line with Randy Hetrick of TRX"
56.50964796736732,12.767702209682989,"Denmark","Advice Line with Jamie Siminoff of Ring (August 2024)"
55.19433067271873,13.159585084396081,"Denmark","Advice Line with Isaac Larian of MGA Entertainment"
55.548815635880494,12.179082916478201,"Denmark","#2289 Building companies using Zapier’s AI automations"
56.25241118469929,13.336738685913629,"Denmark","#2281 Garry Tan: Y Combinator Startups Growing 5X Faster – Here’s What Changed"
55.14707965495413,12.33801651309887,"Denmark","#2279 How are there so many AI agencies?"
55.53567431524956,12.984704735266888,"Denmark","#2274 1440: $20+mil / year newsletter"
56.25224275327683,12.725951484907783,"Denmark","#400 Reddit Founder: “I Wish I Still Owned Reddit Now” – with Steve Huffman"
54.84764576708442,13.396942547553229,"Denmark","#1453 The future of chat (and interacting with your customers)"
55.00164307453714,12.840510765093175,"Denmark","Forget New Year&#8217;s Resolutions and Conduct a &#8216;Past Year Review&#8217; Instead (#559)"
55.12462721364948,12.429089366856969,"Denmark","Black is Beautiful"
55.77682890165961,11.728679714301533,"Denmark","Outdoor Apparel Doesn’t Have to Be Ugly"
54.95715676587441,12.906315300527421,"Denmark","Amazon Has Spoken. And the HQ2 Winners are… Amazon."
56.53581073723299,12.478966588665676,"Denmark","The Turnaround: Market Basket"
55.69858403878047,12.970953834337967,"Denmark","NATO nations deploy to Greenland after tense White House talks"
56.15106565299866,11.599842865451288,"Denmark","Under threat from Trump, Wall Street banks wager they can fend off credit card price controls"
56.32372549764724,13.151164385976253,"Denmark","Trump, Denmark have &apos;fundamental disagreement&apos; over Greenland but will keep talking, offic"
55.26845599305838,13.017603039888469,"Denmark","Stellantis CEO: 2026 is the ‘year of execution’ as Wall Street awaits turnaround strategy"
55.63251358667893,12.115668964713999,"Denmark","Siemens Healthineers Touts Photon-Counting CT, PETNET Growth as Tariffs and China Pressure Build"
38.55186272493041,-77.12689465906017,"USA","Wall Street Is Suddenly on the Defensive With the President"
51.11144553652445,0.5070272427686792,"UK","President Trump wants Japan&#039;s tiny kei cars to be sold in the US"
52.15754374286271,0.7874747374177503,"UK","Ford &#039;not moving backwards on EVs&#039; despite £14.5bn write-down"
51.74947470743749,0.24088865478891097,"UK","Volkswagen Passat"
50.954799908616685,-0.6158894736083821,"UK","Sub-£25k Kia EV2 goes after Renault 4 with 278-mile range"
55.07222009022006,11.715116419913592,"Denmark","BMW X4 Production Has Ended: Official"
55.19264199728474,12.043544939946283,"Denmark","Honda Prelude: Design Sketches"
55.47495289247422,13.529106359280798,"Denmark","What Trump Did After A Ford Worker Heckled Him Wasn’t Very Presidential"
56.64659335934919,13.52359563404692,"Denmark","Volvo EX60 Will Eventually Let Google's Gemini AI Access All Your Car's Cameras"
55.54161099374105,12.762564261042534,"Denmark","UAW Stands By Man Flipped Off By Trump: 'Workers Should Never Be Subjected To Vulgar Language'"
56.33821770082664,13.34807705056934,"Denmark","Trump Gives Ford Worker The Finger, Appears To Mouth 'F*** You'"
55.681023702301346,13.530799598377989,"Denmark","Trump Is Still Bullish On Tariffs, Bearish On The North American Trade Agreement He Instituted"
55.09051609657381,13.45578897627802,"Denmark","1988 Saab 900 Turbo SPG 5-Speed"
55.84664154896947,11.782895988912637,"Denmark","The Future of Cricket is Fake T20 Tournaments"
56.215119841261455,12.979518103426692,"Denmark","The Boomer-Gavaskar Trophy"
56.61413246377997,11.83852402243979,"Denmark","Welcome To The Podcast, We Hope You Have Fun"
54.88306558552418,11.947406608248558,"Denmark","Bazball Autocomplete"
55.64741296217008,12.853546080587918,"Denmark","ODIsinterest"
55.70799614895053,12.628552891601364,"Denmark","Can't Bawl, Can't Throb"
55.31382156732716,12.4997629905547,"Denmark","Is This The End of Jimmy Anderson?"
54.932776628802266,11.808964864805105,"Denmark","Shhhh! Secret Cricket"
55.06735867975808,13.348438997110849,"Denmark","Glenn Maxwell's Baggy Green Advanced Hair"
55.81457304524039,13.261937604959138,"Denmark","New England v New Zealand"
56.29471903978918,11.83639967053457,"Denmark","The New Zealandification of Cricket"
55.62515480501599,12.528512574736466,"Denmark","Podcast Base Price 200 Lakh"
56.19075262125974,13.169138847901785,"Denmark","Ashes Transitions"
55.58161597609727,12.799588302535541,"Denmark","Live In An Elevator"
55.55417185486871,12.32211324054813,"Denmark","And All That Ajaz"
54.77766936593786,11.685441890446782,"Denmark","Tim Paine’s Bulging Dick 2: Judgement Day"
55.40267565016957,11.593343399846196,"Denmark","How India Can Win The T20 World Cup"
55.57078883498305,12.903430016720188,"Denmark","Baggy Green Ponytails"
55.06364718267892,12.488293221142,"Denmark","Unchanged Delhi Capitals bowl; UP Warriorz bring Chloe Tryon in for Deandra Dottin"
55.059982818102185,11.632796902961044,"Denmark","Hazlewood 'on track' to be part of Australia's T20 World Cup campaign"
56.518973719428814,12.445796216949788,"Denmark","Tom Curran's career-best ends Strikers' season, Stoinis to get thumb scanned"
51.12095639066102,-1.032562332976005,"UK","Ashes 2025-26: our writers’ end-of-series England v Australia awards"
52.42724388966067,-0.9252828676034405,"UK","Five Ashes charts: the numbers that show how Australia got the better of England"
28.068770951159333,78.14428989416847,"India","Bangladesh Board Sacks Top Official M. Nazmul Islam Amid Protest Over Controversial 'Indian Agent' S"
27.68656258799905,77.98966955079425,"India","India U19 vs USA U19 LIVE Updates, U19 World Cup 2026: Dangerous Reason Stops Play After Vaibhav Sur"
28.716041527885427,76.99195596699481,"India","Bangladesh Players' Revolt: 5 Demands Placed Over Board Official's 'Money' Jibe Amid T20 World Cup R"
27.76187406070268,76.48415211912342,"India","""I Was Numb, Couldn't Process"": RCB Star Breaks Silence On Harsh T20 World Cup Snub"
55.51727225223387,12.073440626243162,"Denmark","Jackson Warne shares memories of his father, Shane"
56.36809126623195,13.304680002942064,"Denmark","The Ashes Daily: Australia battle back after Root's brilliant century"
54.83980746078345,13.253589485484243,"Denmark","The Ashes Daily: England battle to keep Ashes alive despite Carey century - and Snicko controversy -"
56.517435998234326,12.469849727170006,"Denmark","2nd Test preview with Matthew Hayden! Can England bounce back in Brisbane?"
51.8393385973405,-1.093507445870506,"UK","India and Pakistan prepare for Asia Cup clash"
52.16956770896782,0.7453524132065897,"UK","From farm to fours: Meet South Africa's rising star Annerie Dercksen"
51.247678641494886,0.5714089744784466,"UK","Charlotte Edwards: England head coach on World Cup hopes"
51.92458778337598,0.11569700997465071,"UK","India's women make T20 history in England"
51.045451515499295,-1.0654184086003635,"UK","Things I never want to hear again"
52.1503756867148,0.18686610419048122,"UK","The Definitive Ashes Preview"
51.985018208575816,-0.5563404931995938,"UK","Will Jacks of all trades and the rest of the Ashes squad"
52.49230601112493,0.093012723357622,"UK","Mattchin’s Moments"
52.153556046618434,0.2503963645889543,"UK","The Little Yearns Special"
51.40492656324043,-1.0973038068462273,"UK","Rowing the Atlantic… for a laugh"
52.36992517386938,-0.974673877710528,"UK","Emergency Podcast: Jimmy’s Got Something To Say (2)"
51.18236272616804,-0.03372114466757392,"UK","Embrace the Cricket"
51.753221824511,0.19099145128836337,"UK","Is bowling bowling?"
50.6041339081449,-0.43335760471128826,"UK","The 2025 TMS Awards"
51.89984343852392,0.5726503544692289,"UK","The Ashes: England right to stick to Plan A with batters' prep, says Alec Stewart"
55.142767440061085,11.893189448178486,"Denmark","Explained: The structural cause of Delhi Capitals' poor WPL start and why they will struggle to fix "
56.59289756329356,13.307821821090771,"Denmark","'Could have happened earlier' - Mohammad Rizwan retired out for 26 (23) as poor BBL campaign continu"
56.42953888855031,11.753230183043737,"Denmark","Pakistan captain with T20I strike rate of 117 nearly breaks national record for fastest fifty"
55.25619130729362,12.414700145228558,"Denmark","Six ducks and a 237-run stand: Uncapped Pakistan pair shares lopsided partnership in team total of 3"
56.49270904638691,13.5386549900993,"Denmark","This Mini Makeover Trick Will Transform Your Shelves Instantly"
54.708574720324805,12.607376519860232,"Denmark","28 Gorgeous TV Wall Design Ideas Featured in Real Homes"
55.56994454456188,12.144797567634944,"Denmark","I Found a Goldilocks Pillow for Combination Sleepers, and It’s My Secret to an Uninterrupted Night’s"
55.24040775752684,12.412410182571602,"Denmark","Shea McGee Wants Kitchens to Feel Warm Again, Starting with the Sink"
55.776764951994224,12.75717299426465,"Denmark","This “Stunning” Walmart Accent Chair Looks So High-End (and It’s on Sale!)"
55.704167202880214,12.971160396386598,"Denmark","HomeGoods Experts Say This Unexpected Decor Item Is Its Trendiest 2026 Find"
56.668633109974444,11.882475780191289,"Denmark","Amazon’s Chic Micro Nightstand Makes Bathroom Shelving Obsolete (See How!)"
56.157932546608755,13.131653224023273,"Denmark","How I Helped My Client Create Her First Online Course"
55.48404641864298,12.942758402228584,"Denmark","When Life Breaks You Open: The Real Story Behind My Newest Mini Course"
56.288433966282014,12.629995627010619,"Denmark","Divorce Design - Making Your Space Feel Like Home Again"
55.19348591964428,13.373149253922989,"Denmark","XTANT: The Event That Can Change Your Thoughts Around Hertitage Textiles"
55.40245239750717,13.234224490239038,"Denmark","From Germany, a Ferris-Wheel-Style Industrial Storage System"
52.41641629460574,0.7180863101366793,"UK","Have you tried 'zoned heating'? Heating experts are recommending this easy and efficient method to k"
50.85465007911091,0.5166109923464893,"UK","Lidl is selling a super-cosy electric blanket for just £20 – I've tested it, and it's the most budge"
56.3321490045151,12.555388874645656,"Denmark","Style Scouting: Vol. 272"
55.26164737296323,12.683914186858729,"Denmark","The &#8220;Soft Start&#8221; Bedroom: Sunrise Alarm Clocks &#038; Morning Ritual Essential"
56.19267886671398,12.26089581760879,"Denmark","Eight kitchens filled with warm natural wood"
56.422387599278835,12.900971998354493,"Denmark","Rockwell Group brings ""theatricality of dining"" to Las Vegas steakhouse"
55.59113655548573,12.67204690937129,"Denmark","A Cozy Michigan Weekend: Vintage Shopping in an Old Schoolhouse!"
55.686546372057514,12.3024388773189,"Denmark","Cozy Cottage by Liz Marie -New Spring Collection: THE BUNNIES are Back!"
55.675007904515795,11.864533736246148,"Denmark","How To Mix Timbers In Your Home Like A Pro"
56.40407138930181,12.554295253525613,"Denmark","Renovation Diaries: A $40k, 4-Month 1960s Bathroom Makeover"
55.6520523033733,11.978968975564875,"Denmark","How To Easily Make Any Cabinet Door Soft Close {With Video}"
55.43850061433274,13.251191089093709,"Denmark","Fall Home Tour 2025 {Inviting Autumn Decorating Ideas}"
56.19954947845312,11.909399873048528,"Denmark","29 Bedroom Wardrobe Ideas for Homes That Have Reached Zero Tolerance With Messy Corners"
56.10498096784537,13.049045897975484,"Denmark","29 Kitchen Dining Room Combo Ideas That Redefine Open Concept With Zero Tolerance for Awkward Layout"
55.68564945820128,12.07567662466488,"Denmark","This Silicone Pen Has No Seams, No Clip, and Twists Like Konjac"
54.72728288022353,12.788761409367796,"Denmark","Your Guide To Styling Vintage Decor"
54.706817464631875,13.187108421006286,"Denmark","A’ design award and competition reveals top creative nations in world design ranking 2025"
55.38294370168177,12.078814295899353,"Denmark","The “Audit” Trick Will Make Sure You’re 100% Ready for Any Home Project"
55.81948191050571,13.27747328778198,"Denmark","This Kitchen Makeover Took a Bold Cabinet Color Risk (It Paid Off)"
54.80055737174066,12.987873234126612,"Denmark","This Orange-Toned Kitchen Was Stuck in the 2010s — Until This Makeover"
54.82207331113576,11.846112440989426,"Denmark","Windows? Linux? Browser? Same Executable"
55.019172387564005,12.427635116187792,"Denmark","Making Code a Hundred Times Slower With False Sharing"
55.861876378058945,11.967352882069038,"Denmark","Wait Until You See How They Hide This PAX Built-In!"
54.691536513344616,12.721572854028334,"Denmark","Cold Weather Incoming—But These IKEA Hacks Are Seriously Warming"
55.57854857430079,12.367461396513791,"Denmark","7 Favorite Iceland Experiences"
54.75472684653556,12.318616978820913,"Denmark","We've Known About Zika for 70 Years — & Finally Figured Out Why It's Just Becoming a Problem"
55.86323105686521,12.384484507688814,"Denmark","How to Make the Most of Your Thanksgiving Leftovers"
55.35775670621583,12.83566067012221,"Denmark","Military Style Tips All Men Should Know"
55.0762346971611,12.213166008310592,"Denmark","How To Wear Green For Men"
56.61626727834353,12.928791835986015,"Denmark","Saks Global Files for Bankruptcy to Address Its Immense Debt"
39.03435692623093,-77.58796146880097,"USA","Golden Globe Awards 2026: Best Looks From Teyana Taylor, Jennifer Lawrence and More"
39.28073947310744,-77.76700031514399,"USA","Teyana Taylor, George Clooney and Jacob Elordi Toast the Golden Globes"
56.50267653476644,12.602030895021803,"Denmark","Winter Dress Trends — Like Plaid &#038; Capes — To Wear All Season Long"
54.70862416113615,12.04468488984431,"Denmark","The Best Red Carpet Looks At The 2026 Critics Choice Awards"
56.5990411072075,12.845899032311241,"Denmark","Keep The Cold At Bay With 5 Winter Coat Trends — From Winter Whites To Scarf Jackets"
55.32284015142479,12.244969352305695,"Denmark","Paris book launch and booksigning of ready for dessert!"
56.47985353564701,12.602041598218099,"Denmark","Buttery Cheddar Pecan Crackers"
54.94391488662804,13.053080171091477,"Denmark","Nesting Season Has Officially Begun"
56.15468978452796,11.698357480067237,"Denmark","I Finally Found a Basket That Frees Up My Kitchen Counter Clutter — for Only $16"
55.3943673820995,11.820002960784887,"Denmark","IKEA’s Best-Selling Farmhouse-Style Table Is Currently 50% Off"
55.27257297279386,12.327348786259362,"Denmark","My Dad Was Loyal to the Same Cookware Brand — Until He Tried This Nonstick Trio"
39.02892812086287,-77.1314450844447,"USA","Beef Tallow Rises to the Top of the U.S. Food Pyramid"
38.100552937927425,-77.41688419024102,"USA","Meet the Old and New Chinatown on One Menu"
56.33091717729455,12.732115343218817,"Denmark","I Made These Honey Sriracha Cauliflower Wings in the Air Fryer and We Devoured Them"
56.03006854996884,11.869800185781347,"Denmark","spinach and ricotta gnudi"
55.6747321319631,12.545948607459785,"Denmark","Yugo Santa"
55.32344485280487,12.811108820232352,"Denmark","The Petting Zoo"
56.58726595430871,11.850875750869722,"Denmark","Ted Cruz Had The Best Defense of “Profoundly Unfunny” Jimmy Kimmel During The FCC Senate Hearing"
55.24837883505156,13.124578466163655,"Denmark","FCC Chair Brendan Carr Lucked Out That His Senate Hearing Is After The &#039;South Park&#039; Finale"
54.85899885106417,11.985145849074486,"Denmark","The English Language is Not the Center of the Universe. Hollywood Award Shows Need to Stop Acting Li"
56.28166476553913,12.300459367274016,"Denmark","16-year-old gets invited to friend's Costa Rica vacation, Mom gets unexpectedly billed for all expen"
56.238724723730535,13.552721901682032,"Denmark","Online handbag seller refuses to send bag to entitled customer after they demand a refund for two pa"
56.59413684125264,12.017418020628012,"Denmark","Guy becomes HOA president to ""dismantle it from the inside"" despite entitled board member's failed"
54.81826581645217,12.744854694487193,"Denmark","‘I live alone, I cannot stress enough how quiet I am’: Anxious upstairs tenant who tiptoes through l"
55.08153806350566,12.504968667721098,"Denmark","Neighbor tattles on HOA resident and gets them fined, resident messes with them until they hire a pr"
56.394892297317895,12.950884674305328,"Denmark","Office's problem solver quiet quits after coworker takes credit for their work: 'I just stopped doin"
55.81958644365086,13.214700754058228,"Denmark","Company begs former employee for passwords after not sending his final paycheck: 'With how they trea"
56.61022053342857,12.29585427154312,"Denmark","NYC accountant ""snaps"" at venture company offering $70k-100k for senior accountant role: 'Why woul"
55.156330182520705,11.856332432843029,"Denmark","HR yells at employee for asking about fake bonus, accuses him of recording on his Meta glasses, he c"
55.30869412466502,13.45346851411466,"Denmark","Boss mandates overtime to warehouse staff after most workers call in sick, then refuses to let new h"
56.342250866795176,12.55826106980632,"Denmark","'I'm the one who ended my own interview': Recruiter lowballs job candidate and demeans their resume "
56.17056484218984,13.497297404051565,"Denmark","'Her cage had a red ""don't touch"" sign': Shelter deemed the cat mean and not eligible for adoption"
56.25624852818068,11.694154374554458,"Denmark","A Purrfect Plate of 24 Funny Fluffy Felines to Press Fast Forward to a Whisker Filled Weekend"
56.4804029098272,11.622991374744338,"Denmark","Sublet owner offers discounted rent if subletter petsits his cat, subletter agrees, but draws the li"
55.547798223798715,11.909679303254354,"Denmark","'He didn't trust us at first, but my wife's persistence paid off': After years on his own, a once-ab"
55.89539375184773,11.675511126492758,"Denmark","Little ginger kitten found on the side of the road, kind human rescues her from street dogs and the "
56.12156364964882,12.194395604158515,"Denmark","26 Scrumptious Kittens to Sweeten Your Scroll"
56.55000300754562,13.069931603022129,"Denmark","26 Cute and Curious Cat Behaviors as Told by their Pawrents"
55.95641462138907,13.368266882723884,"Denmark","08/31/23 PHD comic: 'New Book! Oliver's Great Big Universe!'"
56.653315650457834,12.03258381153893,"Denmark","Tunashamed"
55.4462171698152,13.366321124816645,"Denmark","Vivid Sex Dream About Steely McBeam Again"
56.14720581893025,12.4902769211668,"Denmark","GOP Adds ‘ICE Kills Everyone’ Pillar To 2026 Platform"
56.01782038579764,11.648952033936366,"Denmark","Child’s Blow Into Car Breathalyzer Rewarded With Dicey Trip To Ice Cream Shop"
55.23754325397504,13.0888185117951,"Denmark","Superstition"
54.69877201285395,12.736416009199633,"Denmark","GTA Online opens official modding store that pays modders real money"
54.874092169354135,13.356118605213512,"Denmark","The Live-Action God Of War Series Has Found Its Kratos"
55.04991639725827,12.110687694169826,"Denmark","TAGN Fantasy Critic League 2026 – Week Week Two Sees Bids and Updates"
56.42115865369946,13.059507709875255,"Denmark","Making Level 73 in Pokemon Go and onward to Level 74"
55.85200874392496,13.502850092459893,"Denmark","Call of Duty: Black Ops 7 and Call of Duty: Warzone Season 01 Reloaded: All You Need to Know"
55.98955500061304,13.522390113027338,"Denmark","Show 64 - Supernova in the East III"
55.76201261240118,13.551700552805421,"Denmark","The Forgotten Bombers That Led the Way: America’s Vivid Assembly Ships of World War II"
55.11915970612363,13.37316284607521,"Denmark","How the U.S. Civil War Made Christmas a National Holiday"
55.328828638676924,12.888624523505399,"Denmark","A Scientific Look at the Rifled Musket"
55.16650640762133,13.383616155332938,"Denmark","When Hitler Fought for the Allies in World War 2"
56.537836540485436,13.50954133770566,"Denmark","Star Fort and the Siege of Ninety Six in the American Revolutionary War"
56.66635528591553,12.501354866554585,"Denmark","The Sack of Baltimore: Ireland’s Slave Raid"
55.937081070558534,11.945379778279932,"Denmark","The Outbreak of World War 1: How Belgium Said ‘No’ to Germany in 1914"
55.81947224732709,12.509633333662595,"Denmark","Lady Jane Grey: The Reluctant Queen"
55.88006500186019,12.206934683051536,"Denmark","The American Civil War - Born of Compromise"
56.38211459860061,13.478231612387193,"Denmark","Napoleon Bonaparte as a General"
56.551841372945304,13.090104372213085,"Denmark","The Romans in the Central Sahara: Cornelius Balbus' Expedition"
54.93553680746726,13.314407949442046,"Denmark","Seminoles Taught American Soldiers a Thing or Two About Guerrilla Warfare"
55.11088478674656,13.427030397152384,"Denmark","During the War Years, Posters From the American Homefront Told You What to Do — And What Not to Do"
56.60083506219783,12.843096258381388,"Denmark","The Poignant Tale Behind a Celebrated Civil War Sketch"
55.10576250558506,11.630394662610561,"Denmark","The Scandal that Led to Harry S. Truman Becoming President and Marilyn Monroe Getting Married"
54.9736351488522,12.90935345081106,"Denmark","For Southern Antagonists in the Civil War, a Kindred Desire for Peace Goes Awry"
56.48828438099574,11.668262131715494,"Denmark","Featured Excerpt: Gemini"
55.09802379340422,13.041929197644027,"Denmark","Featured Excerpt: Family of Spies"
38.95539347137719,-77.85951280273952,"USA","El Libertador (Venezuela update)"
38.75704540996436,-76.75745303411492,"USA","The Bitter History of Chocolate"
38.65565306202247,-76.52683261383723,"USA","The Mother of Thanksgiving"
38.1009760669298,-76.23989127060594,"USA","Democracy Dies in a Day"
39.38872771837038,-77.24117786306974,"USA","The Creeping Coup"
39.70314832784848,-77.06517915125305,"USA","Winter is Coming"
39.26405687459903,-76.24286412132778,"USA","Prosecuting Genocide"
39.260030150523775,-77.43731525888383,"USA","From the Frontlines"
38.18203291367537,-76.43251383673653,"USA","The Anti-Vaccine Movement"
39.36079691045697,-76.37254655977964,"USA","The Business of Migrant Detention"
39.55650552102331,-77.63643788379369,"USA","Line. Fence. Wall."
39.26121947465177,-76.52547283161377,"USA","A History of Settlements"
39.83056096973622,-77.97332880895405,"USA","A Primer On The Federal Reserve's Independence"
39.51162667150175,-77.48688355917788,"USA","The Queen of Tupperware"
37.95671156922236,-77.95612808853589,"USA","We the People: Succession of Power"
37.949337159546374,-76.33027203637582,"USA","Edward Said and the Question of Palestine"
39.46166579893113,-76.41062220489482,"USA","What Makes Us Free?"
38.14178434312159,-77.29297628167153,"USA","Iran and the U.S., Part Two: Rules of Engagement"
39.69966059999363,-76.27867551170966,"USA","Iran and the U.S., Part One: Four Days in August"
38.70553492922474,-76.54957126106805,"USA","The First Department of Education"
39.58430997272137,-77.75239440375462,"USA","The Tax Collector"
39.77160852257371,-77.68540460134014,"USA","California's 'Bum Blockade'"
38.95095941243792,-77.58422984860026,"USA","The Deadly Story of the U.S. Civil Service"
56.215538308670325,12.135263202882731,"Denmark","Howard Hawks 1955-1977 (The Old Man is Still Alive, Part 4)"
55.10689102370816,13.089224342464782,"Denmark","Murphy Brown, Dan Quayle and Damage (Erotic 90’s, Part 7)"
55.11872661606986,13.404616199634324,"Denmark","Episode 233: Nan + Warren"
55.64896879280313,12.130394005301214,"Denmark","AnyClass protocol and Objective-C methods"
55.624227996637856,11.954107126203056,"Denmark","Wrapping async-await with a completion handler in Swift"
55.79575097511678,12.536170732228957,"Denmark","As software engineer, how to face the impostor syndrome?"
56.076106309986635,13.310060351449977,"Denmark","You Probably Need More Vitamin D"
55.23718092186843,12.662276590076107,"Denmark","You Should Feed Ducks The Good Bread"
55.87371851192293,13.253972064900681,"Denmark","Lights, Camera, Action Button"
56.0885648013729,13.444086987363976,"Denmark","Displaced And Disillusioned On The Internet"
55.351749605164294,12.630471830555434,"Denmark","It's Not Better If It's Also Worse"
56.38776511064485,12.84255916574585,"Denmark","The Dog Ate My Take Home Assignment"
56.13013565001518,12.374270861260776,"Denmark","The Future Will Be Signed"
55.0937211598513,13.28881870051427,"Denmark","You Can’t Do It All"
55.15078843852863,12.741918740734627,"Denmark","Quick Win - Text Contrast"
55.18890253053614,13.115485514160797,"Denmark","iOS 14: Custom Accessibility Content"
54.78538114006585,11.977971378966446,"Denmark","SwiftUI Accessibility: Traits"
56.303350373049724,12.48782607002359,"Denmark","What The European Accessibility Act (Might) Mean for Mobile Development"
55.44185366065539,12.02263294602345,"Denmark","App Store Award winners announced"
54.68661953603889,12.422845270292575,"Denmark","App Store Award finalists announced"
55.010245323216054,12.01800293279504,"Denmark","Upcoming Currency Change in Bulgaria"
55.83154159113054,12.87868817655873,"Denmark","Apple Developer is now on WeChat"
54.964293190128856,12.300254380585741,"Denmark","Stumping People for 1000* Years"
55.10182047376007,11.788084919662253,"Denmark","My other blog"
56.0273829053223,11.691317558085842,"Denmark","Writing Mac and iOS Apps Shouldn’t Be So Difficult"
55.31770793593867,13.393255232795404,"Denmark","Alan.app"
55.230124405570855,13.000704377748288,"Denmark","Holiday Gift Guide 2025"
56.317263328632045,13.18569587187714,"Denmark","Catch NOT READY FOR PRIME TIME Off-Broadway in NYC"
56.147701588304145,12.473757101611756,"Denmark","SORRY BABY Thoughtfully Explores Trauma's Aftermath"
56.49518533839129,11.645637953673814,"Denmark","Krypto Currency!!  Hercules Loves James Gunn’s SUPERMAN!!"
56.12383867943081,12.985580753530506,"Denmark","Barbarella Adores THE LIFE OF CHUCK"
55.135246738841936,13.408473890119035,"Denmark","THE DAILY SHOW writer Daniel Radosh and editor Lauren Beckett Jackson Interview"
55.25984128145766,13.381422652302152,"Denmark","A BREED APART - Heavy on the Laughs, Light on the Scares"
55.32132308954877,12.10523372233301,"Denmark","New (and Old) Releases This Week, with McEric!"
55.83266097068605,11.98243359796534,"Denmark","Julianna Margulies and Gretchen Mol Talk MILLERS IN MARRIAGE"
55.816551192241924,11.75796461610859,"Denmark","Sundance Midnight Selection TOUCH ME"
54.9750343310015,12.360280424914734,"Denmark","Reese Witherspoon Slams Scammers Using Her Likeness, Warns Fans"
55.095261616709095,12.982162278550364,"Denmark","First Look Teaser for &#039;Lee Cronin&#039;s The Mummy&#039; - Opening This April"
55.098514896618326,13.19515337889307,"Denmark","""Wuthering Heights"": Tickets On Sale, BTS Featurette, 3 Posters"
55.781781942487406,12.829069916017938,"Denmark","Warner Bros Responds to ""Meritless"" Paramount Lawsuit, Board ""Attacks"""
55.12408371017802,13.305236950113143,"Denmark","KPOP Demon Hunters' EJAE Offers ""Golden"" Golden Globes Speech (VIDEO)"
55.09612620980752,13.381495554170542,"Denmark","Sting Pays $800,000 in Royalties to Police Bandmates Amid Lawsuit"
55.719165101595195,11.617586534911421,"Denmark","MLC vs. Spotify bundle battle intensifies as streamer opposes immediate appeal"
55.582085766559224,11.88645545166062,"Denmark","Kpop Demon Hunters’ “Golden” Wins Best Original Song at 2026 Golden Globes"
54.89604448586507,12.030289249007925,"Denmark","Key Change: David Chang"
54.84532421419043,12.599871716183902,"Denmark","Five takeaways from crunch White House talks on Greenland’s future"
55.36566626423917,12.832971987686873,"Denmark","Trump’s latest geopolitical gambits all lead back to China"
55.81599643764187,12.734027843855381,"Denmark","Trump&apos;s war on the Fed threatens global financial stability, European central bankers warn"
28.960970902924334,77.04758051987221,"India","Russia Expels UK Diplomat Accused Of Being Undercover Spy"
28.880250176365703,78.03684376878104,"India","What Is Savak? A Look At Iran's Dreaded Shah-Era Secret Police Amid Protests"
28.760313102163103,76.99583243348619,"India","Iran Says Protester Erfan Soltani Not On Death Row Amid Trump's Threats"
28.331276920266674,77.0521984492227,"India","Exclusive: Ex-Trump Ally Calls His Greenland Threats ""Disastrous For US"""
28.40367549906906,76.83418848438914,"India","Trump's 'Department of War' Name Change Could Cost $125 Million"
27.688048977592846,77.64622444738494,"India","Why Regime Change In Iran Could Hurt India, But Benefit Pakistan, China"
29.484126748911468,77.96399773634674,"India","""Can Men Get Pregnant?"" Indian-American Doctor Asked During Abortion Hearing"
38.90455822046489,-76.87653474879976,"USA","Venezuela Strongman and Maduro Ally, Diosdado Cabello, Faces an Uneasy Transition"
38.38860029405953,-77.61309493724234,"USA","Nobel Committee Takes Heat at Home as Machado Courts Trump in D.C."
39.542393792133,-76.97577970876854,"USA","Why Greenland Matters for a Warming World"
38.05065796048027,-76.31839725541101,"USA","Venezuela Envoy to Visit U.S. for First Official Trip in Years"
38.425511633918205,-77.76867614250392,"USA","Quebec Premier François Legault Resigns Ahead of Elections"
39.70147159792212,-77.68024736534294,"USA","Nearly 5 Million Accounts Removed Under Australia’s New Social Media Ban"
39.84975118436501,-76.59529202572702,"USA","British Columbia Ends Program That Aimed to Curb Arrests of Drug Users"
39.69937926603971,-76.22372447158016,"USA","Minneapolis ‘Feels Like a Military Occupation’"
38.15102238173803,-76.61974255311755,"USA","U.S. Races to Sell Venezuelan Oil, Transforming Ties With Former Foe"
39.66412664740136,-76.64894444022356,"USA","What are Trump’s Options in Iran?"
38.312875033077425,-76.66927647527045,"USA","Renfrew Christie Dies at 76; Sabotaged Racist Regime’s Nuclear Program"
39.36329358304389,-76.66520033514172,"USA","U.K. Retreats on Plan to Require ‘BritCard’ ID for Workers"
38.974938205200885,-77.61617114467245,"USA","Venezuela Announced the Release of Political Prisoners. Families Are Still Waiting."
39.24898735907457,-77.96893825103477,"USA","An Emboldened Trump Makes Big Bets in Venezuela, Iran and Beyond"
39.08071489275797,-76.89553168107948,"USA","Trump’s Greenland Push Hits Wall as Danish Diplomat Cites ‘Fundamental’ Differences"
38.79705382991428,-76.82825438422311,"USA","Venezuela Frees Several Americans From Prison, U.S. Says"
38.638036803666026,-77.29461230238864,"USA","Analysis: Trump Supports Protesters in Iran, but Not in Minneapolis"
37.965564164409024,-76.5673652268085,"USA","Everyone Wants the Arctic"
39.88968369766427,-76.6717446400048,"USA","Trump Says London Is Unsafe. Its Murder Rate Just Hit a Historic Low."
38.59742489679665,-76.53030012697621,"USA","Trump Urges Antigovernment Protesters in Iran to ‘Take Over’"
39.59723373770229,-77.09223956580782,"USA","Prosecutors Seek Death Penalty for Former South Korea President"
39.23061982155531,-76.42734480979152,"USA","Trump Says He Will Impose Tariffs on Iran’s Trading Partners: What to Know"
39.66852046730307,-76.91067983578344,"USA","Greenland Would Be the Largest U.S. Land Acquisition, if Trump Got His Way"
55.3756932953297,13.373462072589682,"Denmark","US Senate defeats war powers resolution designed to rein in Trump - Al Jazeera"
56.47027804265265,12.197304393549132,"Denmark","Congressional Bill S. 222 Signed into Law - The White House (.gov)"
55.98318333547158,12.640231317048084,"Denmark","A private memo from central banks to governments - The Economist"
28.609878721136855,76.89360748934118,"India","Kuwait launches Multiple-Trip Exit permit: What it is, how to apply all, you need to know"
27.985341915028314,77.82269966690278,"India","Saudi Arabia plans major mining bidding rounds to unlock $2.5 trillion in minerals"
29.102230953091492,77.41588801355616,"India","Kuwait: PACI launches ‘Residence Notification’ service on Sahel app to track lease registrations in "
28.749874865055798,77.64857328930897,"India","Iran unrest: Is Reza Pahlavi the future? Trump calls ex-crown prince ‘nice person’ but expresses unc"
29.54989010298545,76.327764785419,"India","YouTuber Brandon Tatum steps in to protect YouTuber Nick Shirley after death threats over Minnesota "
28.66404053787806,76.24480328391034,"India","MAGA fumes at Trump for not including India in freezing visa processing for 75 countries"
27.72897314865339,77.20177514550895,"India","US Navy sailor Jinchao Wei betrays America by spying for China – inside the secret mission"
55.103583813008825,13.032019909081646,"Denmark","A Wall Removal And Other June 2023 Expenses"
56.07628535479172,11.777919615346631,"Denmark","Episode 241. “We invested our wedding money…in psychedelics”"
55.74004743235667,12.192610288218331,"Denmark","Beware Of Scammers Impersonating Nial Fuller On Social Media"
55.202053847834726,12.410410328417631,"Denmark","Why I&#8217;m Betting Big On TRUMP &#8216;Again&#8217; To Win The 2020 US Election"
56.3226076842503,13.289178294632729,"Denmark","12 Killer Trading Lessons I Posted in 2018"
56.55846708134526,13.480405599481898,"Denmark","Should A Trader Measure Profits In Percentages, Pips Or Risk/Reward (R)?"
55.91947825503471,12.197297455810318,"Denmark","The Difference Between Price Action Event Zones and Support &#038; Resistance Levels"
55.50557145436393,13.120180911593375,"Denmark","9 Best Rewards Checking Accounts of January 2026"
55.71808073245277,13.287025661334814,"Denmark","Lowe&#8217;s Heavy Duty Storage Tote only $7.98 with Free Delivery! {Ends Tonight}"
55.470848547716486,12.160939273469356,"Denmark","Potbelly Sandwich Shop: Buy One Sandwich, Get One Free!"
56.101454574371836,12.88080969571939,"Denmark","Michael Kors Sheila Medium Logo Backpack only $75.65 shipped (Reg. $498!)"
56.49245063782554,13.061126774737048,"Denmark","Wooden 4-Drawer Bathroom Cabinet only $64.99 shipped (Reg. $110!)"
55.10494402758849,11.58884926372552,"Denmark","611: The Shopify Features That Are Exploding Sales For Big Brands With Kurt Elster"
54.797958600707105,12.193942914119559,"Denmark","596: Why Building a Community Might Be the Most Important Thing You Do This Year"
56.50804528737819,11.62803266289129,"Denmark","588: Tariffs, Trade Wars, and Billion-Dollar Consequences"
55.799904370780425,12.046262976193322,"Denmark","China South City: The Global Capital of Amazon Black Hat Tactics"
55.77373741626368,11.5956168137368,"Denmark","577: An Inside Look at Our Content &#038; Ecommerce Masterplan For 2025"
56.185856819477486,13.387894975917318,"Denmark","Bilt Palladium vs. Capital One Venture X: An In-Depth Comparison"
55.54488086612139,12.590932440329656,"Denmark","2026 Tax Brackets, Standard Deduction, and Other Changes"
56.24828955248149,12.12865789723753,"Denmark","Investing Blog Roundup: Vanguard Expands &#8220;Vanguard Investor Choice&#8221; Program"
55.80195539534093,12.773086452445838,"Denmark","Side Hustle Stacking: How One Extra Income Stream Can Lead to More"
55.83601973672977,12.650687761861144,"Denmark","How to Start a Service Business to Replace Your Income, Step-by-Step"
55.335647585429506,12.789784801470223,"Denmark","Pushing Creativity Forward: A Closer Look at the 2025 500px Global Photography Awards"
54.78118049685375,12.069363824004778,"Denmark","Questmas Photography Contest 2025 Winners Announced"
55.94110805799443,12.993657693649137,"Denmark","Globe staff photos of the month, March 2020"
55.289441125138666,11.917520310678068,"Denmark","Globe staff photos of the month, August 2019"
56.5826922154698,11.755477920157423,"Denmark","Recent photos of the ongoing migrant struggle"
55.14229383266048,13.479177028392888,"Denmark","Students stage global protest to speak out on climate change inaction"
55.90283251952548,12.302909967271173,"Denmark","Globe staff photos of the month, February 2019"
56.47903081716105,12.9766538955239,"Denmark","Globe staff photos of the month, January 2019"
56.66264400619141,12.261928402852735,"Denmark","100th anniversary of the end of WWI"
55.25685659499984,13.246689334078145,"Denmark","Globe staff photos of the month, October 2018"
56.356970073884455,12.701775990962467,"Denmark","Eric Fossum Receives the 2026 Draper Prize for his Invention of “Camera on a Chip”"
55.49273226299986,12.955411092592444,"Denmark","So Long (for Now!) and Thank You."
55.62598928119005,11.940976186587685,"Denmark","SLC-1L-13: Conservancy Critters"
55.191763833388066,13.02899100996529,"Denmark","iPhone Users: Put an AirTag in Your Camera Bag"
56.50766558480856,11.58165445363234,"Denmark","SLC-1L-11: Planting Rice at Sunrise"
55.5552943505707,12.451471397007648,"Denmark","SLC-2L-11: The ""Magic"" of Medium Format"
55.10958956037684,12.666571634016341,"Denmark","SLC-1L-10: [COVID DIARIES] Shoot the Kids"
55.124129588525804,11.88748380898486,"Denmark","Hot-Shoe Go-To: The Godox TT600"
55.98157702311558,12.297438646505771,"Denmark","X-Peditions' 2020 Season AnnouncementUpdate: Completely Filled"
54.76069776168337,11.631450318045122,"Denmark","In Appreciation: The LumoPro LP180 [2013-2020]"
55.25269627301066,12.548926945357145,"Denmark","SLC-0L-04: Red State, Blue State"
56.65425765610759,11.719974721291472,"Denmark","SLC-0L-03: Joker Cinematographer On Light & Color"
55.675563403618895,11.767852482145392,"Denmark","SLC-2L-10: Left Brain / Right Brain"
55.786270771152836,13.419456422452186,"Denmark","Lighting Workshop Interest List"
56.110074414398944,12.143697822956355,"Denmark","Announcing (2) Small-Class Lighting Workshops Baltimore / Washington, DC Area, Dec. 6 and 7"
55.26825676624024,12.599943110363963,"Denmark","SLC-2L-09: Google Maps as a Visa | BTS 360"
55.91667677383438,12.258303535353438,"Denmark","SLC-2L-08: Mexican Sodas | BTS 360"
56.0615487535023,11.581351803082335,"Denmark","S27:E5 - Navigating the AI Evolution (Chelsea Kaufman)"
55.25031845361425,12.714550527399783,"Denmark","S26:E8 - Being Open to the Unexpected (Katherine Evans)"
56.29249663485329,13.201309639808091,"Denmark","S26:E5 - Exploring the Path from Medicine to a Tech Career (Shona Chan)"
56.663275863762166,12.381117480303878,"Denmark","S25:E8 - Empowering Developers of All Abilities (Judith Lung)"
54.97653219573945,13.237627756161094,"Denmark","S25:E1 - Pivoting to Tech from Biomedical Science (Marley Anthony)"
55.64022094265542,12.147146506184114,"Denmark","S24:E7 - Navigating Layoffs with Intention (Natalie Davis)"
55.27502780355498,13.112037666394412,"Denmark","S24:E6 - Surviving Cancer, Building Code, Thriving in Tech (Stacey Graham)"
54.87808401174019,12.66404929000465,"Denmark","S24:E4 - From Occupational Therapy to Code (Africa Mincey)"
56.29973818578101,12.185826380937925,"Denmark","S24:E1 - From Customer Service to Code (Tae'lur Alexis)"
55.35378588741917,13.41266327618963,"Denmark","S23:E8 - Empowering the Next Generation of Black Tech Talent (Pariss Chandler)"
55.46616234032357,13.522551236906873,"Denmark","S23:E1 - Psychological Safety in Tech (Taylor Poindexter)"
55.964901910672964,13.452190389039055,"Denmark","S22:E9 - Coding Bootcamps & Coding Journeys (Mark Thompson)"
55.073789625710944,12.434396494030267,"Denmark","S22:E6 - Technical writing (Philip Kiely)"
56.487238515060824,12.879992356555267,"Denmark","S22:E3 - Demonstrating curiosity kindly with Matt Newkirk (Matt Newkirk)"
54.732857702810485,11.927725512820217,"Denmark","S22:E2 - Building the bridge across the tech gap (Michelle Glauser)"
55.228225504468696,12.820552128969755,"Denmark","To Serve Man, with Software"
55.30445131858159,12.207355743357066,"Denmark","FLOSS Weekly 758: Raiders of the Lost Source - Rocky and Oracle Unbreakable Linux, OpenAI Shakeup"
54.89478510370345,11.651431210531157,"Denmark","FLOSS Weekly 754: Is He Still On? - Jon ""maddog"" Hall, Caninos Loucos, Open Source vs Free Softwar"
56.00831495542069,11.92447038450171,"Denmark","FLOSS Weekly 752: Stalkers Beware - Cooper Quintin on Personal Privacy and TOR University Challenge"
55.18487298497544,12.395365785877756,"Denmark","FLOSS Weekly 751: The Phipps Certification - EFF, AlmaLinux, Vehicle Software and Privacy"
56.38462893233129,13.100083760900212,"Denmark","FLOSS Weekly 747: New, Hot, Big, and Doomed - Business Software License, OpenELA Initiative"
55.147411311563886,12.913302804965078,"Denmark","FLOSS Weekly 746: Don't Hesitate, Enculturate! - Claude Warren Jr, Open Source Culture"
56.28667428142441,12.120045758664244,"Denmark","FLOSS Weekly 735: FLOSS Without Borders - Ahmed Sobeh, Open Source in Developing Countries"
55.9720191722251,13.417977652731027,"Denmark","FLOSS Weekly 716: Desperately Seeking Software Freedom - Christine Hall, FOSS Force, Software Freedo"
55.636955004104415,11.808419421438323,"Denmark","Don't Trust, Verify: Building End-to-End Confidential Applications on Google Cloud"
55.66994209832507,13.568093038751337,"Denmark","Building with Gemini 3 in Jules"
54.776068990636276,13.368493643986344,"Denmark","jOOQ 3.19.0 Released with DuckDB, Trino, Oracle 23c support, join path improvements, an official gra"
54.716009057328385,12.855496061804795,"Denmark","Dancing Backwards With Go"
56.302669323941004,13.181746703700203,"Denmark","dotInsights &#124; January 2026"
55.583330432594025,12.261296314419909,"Denmark","Kinda a big announcement"
55.61390735642746,13.19537813184587,"Denmark","SED News: Bezos Returns to Building, AI’s Reality Check, and Europe’s Cloud Ambitions"
55.29385009538511,12.011551840028442,"Denmark","Drone Warfare in Ukraine with Simon Shuster"
54.95068289062255,12.582698079930086,"Denmark","Building an Open-Source Laptop with Byran Huang"
55.024420089444824,13.412623776227534,"Denmark","Turning Agent Autonomy into Productivity with Chris Weichel"
55.01037160106715,12.823434749212506,"Denmark","SED News: NVIDIA Bets on Intel, Meta’s Demo Crash, and Anthropic’s Explosive Growth"
56.16808913329004,11.766888930377547,"Denmark","SED News: Perplexity’s Chrome Play, Meta’s AI Freeze, and Intel Becomes Too Big to Fail"
55.51825718427839,12.03396964621312,"Denmark","SED News: Meta’s AI Gambit, Windsurf Shake‑Up, and the UK VPN Surge"
55.406923239550665,11.932081356521525,"Denmark","Streamlining Cloud Infrastructure Deployments with Jake Cooper"
56.046498676805925,13.272019297904484,"Denmark","183: Landing a Software Job in 2025"
54.682645126908625,13.274606774952632,"Denmark","176: MLOps at SwampUp"
54.975702218776085,11.803811350557172,"Denmark","174: Devops"
55.67336368504192,12.394501763339784,"Denmark","159: GraphQL with Tanmai Gopal"
55.666057378907944,13.39480883428515,"Denmark","158: Software Supply Chain with Bill Manning"
56.61196043458835,12.35028976658846,"Denmark","154: Python Again with Jason C. McDonald"
55.99486803004782,12.301310030645151,"Denmark","145: Unsupervised Machine Learning"
54.94683612907749,12.863597424550525,"Denmark","142: Data Ops with Douwe Maan"
56.61210135492127,12.80606104862335,"Denmark","Only steal from the best"
55.42217110083335,13.097094367658684,"Denmark","The web after AI"
54.80180055875714,13.496943118009279,"Denmark","Android VPAT journey"
56.41416761009303,12.181840103810968,"Denmark","Build better software to build software better"
56.02662491080074,12.504191843134993,"Denmark","Deploy Safety: Reducing customer impact from change"
54.93388502673942,12.909738127369726,"Denmark","Building Slack&#8217;s Anomaly Event Response"
56.0289306342463,12.562724531114853,"Denmark","Episode 549: The Fermi Paradox of Agentic Development"
56.58629724387598,12.400362052980899,"Denmark","Episode 511: G-Wiz"
55.71838827705986,13.298758383451903,"Denmark","Episode 506: Put It On Ice"
55.03575519888997,12.576219729799796,"Denmark","SE Radio 701: Max Guernsey, III and Luniel de Beer on Readiness in Software Engineering"
54.759332746002954,12.520632798726663,"Denmark","SE Radio 698: Srujana Merugu on How to build an LLM App"
56.07257973599142,13.518598431909231,"Denmark","SE Radio 695: Dave Thomas on Building eBooks Infrastructure"
55.91900624153711,12.752867989483981,"Denmark","SE Radio 694: Jennings Anderson and Amy Rose on Overture Maps"
55.1322700757809,13.275962051489822,"Denmark","SE Radio 684: Dan Bergh Johnsson and Daniel Deogun on Secure By Design"
55.20596584048891,12.33548766433957,"Denmark","SE Radio 673: Abhinav Kimothi on Retrieval-Augmented Generation"
56.234454062432086,12.91129883039298,"Denmark","SE Radio 666: Eran Yahav on the Tabnine AI Coding Assistant"
56.496843634331526,12.934546043364206,"Denmark","SE Radio 660: Pete Warden on TinyML"
54.950101164197214,11.571321684630343,"Denmark","SE Radio 659: Brenden Matthews on Idiomatic Rust"
56.16153772866848,13.198513915446803,"Denmark","SE Radio 658: Tanya Janca on Secure Coding"
55.34187959295504,13.45373481280414,"Denmark","SE Radio 655: Charles Humble on Professional Skills for Software Engineers"
55.50881207735252,12.546048923941067,"Denmark","Upcoming API Security Updates — Action Required"
55.15979048971464,11.97745078551694,"Denmark","Leveraging a Manager Weekly Newsletter for Team Communication"
56.21653055104506,13.100778186060905,"Denmark","Testing SQL for BigQuery"
55.5184498172084,12.365007420122618,"Denmark","1,500+ PRs Later: Spotify’s Journey with Our Background Coding Agent (Part 1)"
56.12955723649604,12.003804493220395,"Denmark","The most dangerous shortcuts in software"
55.32270349991301,12.301691889853592,"Denmark","AI vs Gen Z: How AI has changed the career pathway for junior developers"
54.754156528869906,13.445613127609077,"Denmark","Whether AI is a bubble or revolution, how does software survive?"
55.3895505331929,12.164583487943975,"Denmark","Releasing Software with Tommy McClung"
56.05220185383021,13.160138949653424,"Denmark","WireMock with Andrew Morgan"
55.17740585268295,11.734512128734988,"Denmark","Fundamentals of Software Architecture with Neal Ford"
55.720907308081436,12.513911530894518,"Denmark","Pro Microservices in .NET 6 with Whitesell, Rich, and Groves"
55.29598079205736,12.934018343921522,"Denmark","Episode 223 &#8211; SignalR Mastery with Kevin Griffin"
56.50881165513621,12.664406076343074,"Denmark","Episode 215 &#8211; Rebuilding the Plane Mid-Air w/ David Merk"
55.45387452596165,11.967383658005051,"Denmark","Episode 214 &#8211; Open Source Software with Tanner Linsley"
55.873260857310754,11.857005080715775,"Denmark","Episode 209 &#8211; Elastic Leadership with Roy Osherove"
54.847756000042715,13.45850349234396,"Denmark","Episode 207 &#8211; Tech Debt vs Cruft"
55.88270859933709,13.13356492677492,"Denmark","Episode 205 &#8211; Polly with Bryan Hogan"
55.78900780198928,12.017756167971005,"Denmark","Episode 202 &#8211; Stories about Software with Erik Dietrich"
56.21779517157011,13.371239515687725,"Denmark","Episode 149 - Leadership for developers"
55.52911091529204,11.870747078254219,"Denmark","Episode 144 - Writing for Developers"
55.3149590081635,12.840433148038155,"Denmark","Episode 127 - Automation leading us astray - Percona Live Europer 2019"
56.24585651236807,12.727242058604501,"Denmark","Episode 125 - Agile back to basics"
54.74528409206079,13.40260785686823,"Denmark","Episode 118 - Developer Conferences"
54.704026604234265,12.85813893848703,"Denmark","Why AI is pushing developers toward typed languages"
56.42266683402343,11.78335205494386,"Denmark","Strengthening supply chain security: Preparing for the next malware campaign"
55.52002916494085,12.963829288549716,"Denmark","Vibe code anything in a Hanselminute"
55.848260407077674,13.31626611954874,"Denmark","Only you can stop AI database drops"
56.34736283840208,12.094049589401488,"Denmark","AI code means more critical thinking, not less"
55.146976327579715,11.650636846380419,"Denmark","Revealing the unknown unknowns in your software"
56.26329009566854,13.568083650346034,"Denmark","Your runbooks are obsolete in the age of agents"
55.406199486860594,13.560550367158529,"Denmark","Why rent a cloud when you can build one?"
55.740993945170466,11.646135978779615,"Denmark","Off with your CMS’s head! Composability and security in headless CMS"
56.02969809902708,12.888166745615033,"Denmark","We built stackoverflow.ai with the community and for the community"
56.580901547792834,13.430215118106329,"Denmark","From punch cards to prompts: a history of how software got better"
55.00203533121701,12.017509600606985,"Denmark","Product Management (Tracy Mahnken)"
55.53915720232649,11.951613348056773,"Denmark","Abie Award Series: Cyber Crime (Laura Mather)"
56.57004818797321,13.008530081024706,"Denmark","User Research (Sarah Hall)"
55.85455479466007,11.57180177232349,"Denmark","Abie Award Series: Anthropology in Tech, and Mass Surveillance (Genevieve Bell)"
55.77464194853247,12.545666270376106,"Denmark","Tackling Migration in Mexico (Marcela Torres)"
55.02488603179798,11.729624878932487,"Denmark","Behavioral Science in Recruiting (Frida Polli)"
55.731829515876,12.287130371392772,"Denmark","Abie Award Series: Natural Language Processing (Thamar Solorio)"
55.02923814409944,12.190923571301088,"Denmark","Abie Award Series: Space Propulsion (Natalya Bailey)"
54.80213860118829,12.662067430787854,"Denmark","Data Protection (Ana-Maria Calin)"
55.03723773560068,12.18836288249461,"Denmark","Abie Award Series: Women in Tech (Mehul Smriti Raje)"
54.7601406883303,13.069029631277584,"Denmark","Abie Award Series: Cryptography (Tal Rabin)"
55.78860472197475,11.573406571607354,"Denmark","Engineering at Mastercard (Dana Lorberg)"
55.27525436323178,12.897559208219896,"Denmark","Sales in Tech (Merrie Williamson)"
56.36455009373103,12.230880605594244,"Denmark","GitOps (Samiya Akhtar and Yvonne Radsmikham)"
51.75134233400726,-0.7908419706096713,"UK","The Life Scientific: Tim Coulson"
51.44980736823153,0.571856027314971,"UK","The Life Scientific: Jonathan Shepherd"
52.04977665728153,-0.7574694917443653,"UK","The Life Scientific: Anthony Fauci"
52.50165465341704,-0.8733841362608407,"UK","How does heat affect our health?"
51.0957678845509,0.5562739901602977,"UK","The Life Scientific: Bill Gates"
51.243067692231165,-0.10533487419960397,"UK","Uncharted: The grain of truth"
56.46415017820391,11.579831523716132,"Denmark","Losing American data"
55.18321284444393,13.519428015088707,"Denmark","DOGE hiring and non-hiring data"
56.10258907851884,12.258092015228856,"Denmark","Job cuts for every federal agency"
55.957230334905645,12.027506598791051,"Denmark","New NASA Official Took Her Oath of Office on Carl Sagan’s ‘Pale Blue Dot’"
54.85487730045819,12.756268503989618,"Denmark","You Won&#8217;t Have Fauci to Kick Around Anymore"
56.47468188067276,13.558813531580713,"Denmark","Anthony Fauci Catches His First Case of Covid-19"
55.819473806088425,11.619094774773911,"Denmark","NASA Will Investigate UFOs, Er, &#8216;Unidentified Aerial Phenomena&#8217;"
55.93182347713213,12.450811891334332,"Denmark","How to Watch the Government&#8217;s UFO Hearing"
56.09942963485064,11.909031203142698,"Denmark","For the First Time in Decades, Congress Will Hold Public Hearings on UFOs"
39.61555120252698,-76.37993240766335,"USA","The Chaos Machine: A Looping Revolt"
39.27026634864313,-77.11321332607096,"USA","White v. White?"
39.76577372912805,-77.86036982610935,"USA","Season 6 Trailer"
38.60755105036699,-77.70525995793976,"USA","The Fifth Vital Sign"
55.002721802654996,12.630922745944034,"Denmark","Extreme heat is breaking honey bees’ natural cooling system"
56.350773621041405,13.560451973690848,"Denmark","Astronomers discover stars don’t spread life’s ingredients the way we thought"
55.07646365646169,13.19708547360767,"Denmark","War has pushed Gaza’s children to the brink – “like the living dead”"
56.347331985723066,13.147804040957025,"Denmark","Injection turns sleeping tumor immune cells into cancer fighters"
55.121322361013924,12.372115342710583,"Denmark","Episode 563 - Live from Perth with Wil Anderson and Robyn Perkins"
55.59755775701427,13.451786557872477,"Denmark","Sawbones Classic: Christmas is Trying to Kill You"
56.23273419905038,12.694760800600331,"Denmark","Sawbones: King of Sting"
55.938295513951914,11.84189327425202,"Denmark","Sawbones: The Medical Freedom Movement"
55.56772534055919,11.699103962258551,"Denmark","Sawbones: Physicians&apos; Unions"
55.08759309105743,12.169389411576804,"Denmark","Sawbones Classic: History of Abortion"
55.34770057183661,11.621137238058264,"Denmark","Revisiting the question of debating science deniers"
55.58708903214471,12.161853433584096,"Denmark","The FDA under MAHA control: Weakening the quack Miranda warning on supplements"
55.43328215928027,12.404661783171917,"Denmark","Extracorporeal Blood Oxygenation and Ozonation"
56.42939413864057,13.24750630109656,"Denmark","The CDC is lying to you about vaccines and autism"
54.89918084226027,12.632343669400848,"Denmark","Climate Overshoot: The World Beyond 1.5 Degrees with Dr. Andy Reisinger (458)"
55.04759393380592,12.570932731583671,"Denmark","Cooking Dinner In Your Dishwasher?! & Other Fun Facts with Ashley Iredale (456)"
55.11141832218364,12.418617758347207,"Denmark","Science in Oz: The Good, The Bad and The Ugly with Dr. Catherine Ball (452)"
55.4472849237624,11.963647965782023,"Denmark","The Aftermath of Cosmic Collisions with Prof. Geraint Lewis (446)"
56.358702718152536,13.2682234100711,"Denmark","Lightning, Fertiliser, and the Future of Green Nitrogen with Professor PJ Cullen (440)"
55.363885417912506,13.016075729849922,"Denmark","Staying Safe Online Part 2 with Troy Hunt (439)"
56.36350368172821,12.290581101574588,"Denmark","Climate After Net Zero with Prof. Sarah Perkins-Kirkpatrick (437)"
54.92849500186938,12.452420587359416,"Denmark","A Conversation with Nobel Laureate Professor Donna Strickland (436)"
54.92047552233364,12.997919828285356,"Denmark","The Dark Side of the U.S Meat Packing Industry with Alice Driver (427)"
56.18995645791365,12.70106725297495,"Denmark","Slick Oil with Royce Kurmelovs (416)"
54.972931427241924,12.107710414660552,"Denmark","Winning the Science debate with Dr Bertley  (414)"
55.79698935863669,11.683365594910967,"Denmark","What gets lost when we treat conversations like transactions | Khaya Dlanga"
56.67954426245703,11.582495265265358,"Denmark","Why I spend hours sketching in conflict zones | George Butler"
56.45734973831747,12.518500778006915,"Denmark","The biggest global risks for 2026 | Ian Bremmer"
55.08420428787526,12.742418561550853,"Denmark","""The Minister of Loneliness"" | Sarah Kay"
51.69099217352452,-0.5113704717165369,"UK","Fusion – Ria Lina, Yasmin Andrew and Howard Wilson"
51.29494590193792,-0.3902690551655269,"UK","Hedgehogs"
50.7294281735992,-1.0693110787930329,"UK","The Cyber Codebreakers"
50.94374089555529,0.2203800896912259,"UK","'Beastly Bodies' Kids Special - Steve Backshall, Jess French and Adam Kay"
55.64410796067444,12.729352604166596,"Denmark","3 September, 2025 &#8211; Episode 1028 &#8211; Science Unplugged"
54.70883694758502,13.115213298975796,"Denmark","21 May, 2025 &#8211; Episode 1016 &#8211; Do Dolphins Discuss Science?"
56.09023217419386,13.008394018763623,"Denmark","2 April, 2025 &#8211; Episode 1009 &#8211; It&#8217;s Just so Taxing"
54.6891591008934,12.011288591642916,"Denmark","26 February, 2025 &#8211; Episode 1004 &#8211; Need a Few Science Talking Points?"
56.214353492045404,11.64507609345335,"Denmark","Star that seemed to vanish more than 130 years ago is found again"
55.78573345464008,11.7193507838207,"Denmark","The century-long hunt for the gigantic meteorite that vanished"
50.85190218647742,0.46707044502397055,"UK","The Guardian view on the new space race: humanity risks exporting its old politics to the moon | Edi"
51.112668682622406,0.626913514495761,"UK","Patches of the moon to become spacecraft graveyards, say researchers"
55.64235414492743,13.050398690972278,"Denmark","'Backward and upward and tilted': Spaceflight causes astronauts' brains to shift inside their skulls"
55.00848785477243,13.084730295707331,"Denmark","ISS astronauts spy airglow and dwarf galaxy | Space photo of the day for Jan. 13, 2026"
56.03824353080471,11.988160760535992,"Denmark","Former NASA astronaut Mark Kelly sues Pentagon, Pete Hegseth over censure campaign"
56.56060937162352,12.95921986974336,"Denmark","Empire AI"
56.18449311915556,13.257400496325754,"Denmark","What Happened In 2023"
55.62757877117739,13.539797211309818,"Denmark","The Toll of Stress on Startup Teams and Its Link to Founder Well-being"
54.79491597803891,11.636415542823805,"Denmark","Give First Available in Audiobook Format"
55.134616125691295,12.595347159761108,"Denmark","My Employee Was Upset I Told Him To Drive, Not Fly, On Business Travel"
56.352324045563606,13.180592271288342,"Denmark","Lessons of Rapid Response for 2026"
55.80146367844717,12.152643280969293,"Denmark","A warning for business leaders: Aspiring autocrats tank economies"
54.791299465554054,13.502086158448254,"Denmark","The future of crypto, with Coinbase’s Emilie Choi"
55.68974690197666,13.533584554525333,"Denmark","Branding truths and tariff myths, with Autodesk’s Dara Treseder & Flexport’s Ryan Petersen"
55.28610108821621,12.080374061361999,"Denmark","Best Monthly Web Hosting Plans"
56.40624154407155,13.171646975279863,"Denmark","How to Optimize Your Website for AI Search Engines (ChatGPT, Perplexity, Gemini &#038; More)"
55.97151647226488,12.167348008448528,"Denmark","Bill Kirk Sworn in as SBA Inspector General to Combat Fraud and Abuse"
56.318429456033776,12.311808834711966,"Denmark","SPI Media Welcomes Award-Winning Author Pamela Slim to Its Experts in Residence Program"
55.00107464068086,13.424746008768473,"Denmark","The Department of War Directory"
55.15862982116737,11.78767325323599,"Denmark","The Department of War Just Shot the Accountants and Opted for Speed"
55.10617036409446,13.182025233941363,"Denmark","How to Sell to the Dept of War &#8211; The 2025 PEO Directory – Now with 500 more names"
55.97617127515159,12.672959132359747,"Denmark","No Science, No Startups: The Innovation Engine We’re Switching Off"
55.67206837101246,12.785428687874127,"Denmark","How To Sell to the Dept of War – The 2025 PEO Directory"
55.484196480198385,11.687988335341586,"Denmark","Hacking for Defense @ Stanford 2025 – Lessons Learned Presentations"
56.310138043463716,11.954769942913304,"Denmark","How the U.S. Became A Science Superpower"
54.90677993488864,13.309932286499254,"Denmark","How To Find Your Customer In the Dept of Defense &#8211; The Directory of DoD Program Executive Offi"
56.37241264003218,13.349203151971347,"Denmark","Why Large Organizations Struggle With Disruption, and What to Do About It"
56.192881035662296,13.248870429284201,"Denmark","428: Empowering Neurodiverse Young Adults with Lori Hull"
56.58414974556203,12.646082867465003,"Denmark","427: Real Estate, Culture, and Northwest Arkansas’s Future with Marshall Saviers"
54.75790600135501,13.444702319225339,"Denmark","426: Building Enterprise Value for Entrepreneurs with Steve Toth"
54.73728814132329,12.121379366024378,"Denmark","Welcome to the Fuel Podcast!"
54.79773426722864,12.49161303428744,"Denmark","402: Revolutionizing Government Contracting for Small Businesses with GovBidAI"
56.06302369031712,12.324897509067078,"Denmark","#831: Frank Miller, Comic Book Legend — Creative Process, The Dark Knight Returns, Sin City, 300, an"
55.91466451436804,13.08036483047521,"Denmark","#824: What Most Has My Attention Right Now — Credible (vs. Bogus) Vagus Nerve Stimulation"
55.41889208008389,13.18156900366787,"Denmark","#822: The Random Show — Ketones for Cognition, Tim’s Best Lab Results in 10+ Years, How Kevin Hit 10"
56.35237312231729,12.797044468136018,"Denmark","#806: How Rich Barton Built Expedia and Zillow from $0 to $35B — Audacious Goals, Provocation Market"
56.177292269694206,13.091212786550768,"Denmark","665: My Basement Is Beautiful"
55.406229937650615,12.761100603172128,"Denmark","661: Intimate and Regimented"
54.884375474395384,13.331091324697935,"Denmark","647: You Get One Exclamation Point"
55.055127266422616,12.37796520972337,"Denmark","642: A Rebuilding Year"
56.552202568495396,12.754891968405232,"Denmark","641: We're Saving That for the Egg"
56.62481360994275,11.952766574371603,"Denmark","636: Nose-Biting Territory"
55.77407765055586,11.739394173987389,"Denmark","635: An Effective Operator"
56.589438235496935,12.317480808218116,"Denmark","TikTok says the era of delulu is over. Its time to lock in to reality."
54.762323939818835,12.028795651433754,"Denmark","Jimmy Kimmel lambasts Trumps claims that anti-ICE protests are fake riots"
55.02767344285796,12.003317692309171,"Denmark","PGT 2025 season concludes, with Chad Eveslage taking home the win"
55.142109119456926,13.217060601515358,"Denmark","Lima Police arrest four and disrupt illegal drug and gambling operation"
54.77415004213922,11.758993162415393,"Denmark","Coalition for Prediction Markets adds big names to leadership board, including former Congressman Se"
54.7997552936277,12.519543579417519,"Denmark","Rep. Dina Titus urges Congress to restore full gambling deductions to protect consumers"
56.5524659918309,12.092403438546539,"Denmark","451: Call Us, SBF!"
56.32305055070791,11.64898058979899,"Denmark","440: Build-ing a Mystery"
56.42297404968402,12.27302594916354,"Denmark","439: Human Errors"
55.4701532387149,11.98881967453993,"Denmark","436: Bluesky Raya"
56.17685905792791,13.508737260331408,"Denmark","431: Limited Internet For All"
55.068405671368616,12.865858483998359,"Denmark","NASA Acknowledges Record Heat But Avoids Referencing Climate Change"
56.12078115747187,13.219626685844139,"Denmark","Meta Compute, The Meta-OpenAI Battle, The Reality Labs Sacrifice"
56.39985724148546,12.564352491172478,"Denmark","Apple and Gemini, Foundation vs. Aggregation, Universal Commerce Protocol"
56.35746101863261,12.70545208485381,"Denmark","Five stars, Zero trust"
55.35594815920233,12.29312536403562,"Denmark","TWiT 1061: Amy's Crazy Husband - Can One Build a Truly Anonymous Laptop?"
56.249339456888876,12.070423867615313,"Denmark","Superman &#038; Lois Returning This March; Season 3 Overview Released"
55.93564578951426,13.346573184711474,"Denmark","Vikings: Valhalla Season 2 Official Trailer: New Worlds, New Dangers"
55.27592248461856,11.576008788846014,"Denmark","Mayor of Kingstown Season 2 Trailer: Mike's World Is About To Change"
54.823104164696744,12.953897933840699,"Denmark","The Beloved Sitcom Star Who Was Also The Voice Of TMNT's Shredder"
51.17378354236132,0.3517219604598346,"UK","ITF to review wildcard entries after viral performance"
51.1867928004214,-0.36573290290458316,"UK","Poland beat Switzerland for debut United Cup title"
51.21649419456039,-0.08464521790624036,"UK","'No idea what just happened' - GB's Jones battles injury in Auckland win"
52.02018455524758,0.6296975916474444,"UK","When Billie Jean beat Bobby - the Battle of the Sexes that defined an era"
54.90352271985453,12.315561989778432,"Denmark","Why you MISS on HARD swings! - Essential Tennis Podcast #405"
55.86660636624693,13.233851764480011,"Denmark","Are Tennis Lessons a Waste of Money? - Essential Tennis Podcast #391"
55.09228853898907,13.225035544086824,"Denmark","ATP Finals 2025 Day Three Recap"
55.20825180115304,13.515117094307161,"Denmark","ATP Finals 2025 Day One Recap"
55.55209506776997,13.076648145153184,"Denmark","Keys falls in Adelaide ahead of Aussie defense"
56.28883602741192,12.116520300922229,"Denmark","Ofner celebrates too soon, loses Aussie qualifier"
56.10868262414913,13.149947047927805,"Denmark","Alcaraz, Sabalenka top seeds at Australian Open"
55.62433999435834,12.764802800384471,"Denmark","Kīlauea Won't Stop Erupting"
38.24617061563881,-76.52776186519077,"USA","What to Know About Canceled Flights in the Caribbean Amid U.S. Military Action in Venezuela"
55.767574577815864,12.103702864271238,"Denmark","Capital One Venture X Business Card Review: Is It Worth It?"
54.90960110197236,13.477827538439684,"Denmark","Older Tech In The Browser Stack"
56.6290935953061,12.573793132680969,"Denmark","Effectively Monitoring Web Performance"
55.44461293627391,12.582758582834055,"Denmark","How To Leverage Component Variants In Penpot"
54.79560700711745,12.961615209453715,"Denmark","Activating Change: A Designer’s Guide to Systems Thinking"
55.13355928585245,12.115620156426324,"Denmark","Forget the Trail of Breadcrumbs"
56.11274468997255,12.213937499139586,"Denmark","3 Ways to Show Your UX Specialist Knowledge in Your Resume"
54.84732452845542,13.115321347931749,"Denmark","What’s !important #2: Conditional View Transitions, CSS/SVG Text Effects, the Best of CSS Bluesky, a"
56.428159899740706,12.420819460032778,"Denmark","Toon Title Text Generator"
54.803001274284576,12.537789911408943,"Denmark","Fix &#8220;This video format is not supported&#8221; on YouTube TV"
55.396725394026426,13.075907983157691,"Denmark","Date.now()"
56.00214264783958,13.552256788996159,"Denmark","Announcing Official Puppeteer Support for Firefox"
55.47871307204712,13.14928362114908,"Denmark","Announcing Interop 2024"
28.72322286948981,77.8382412001818,"India","Understanding Software Licenses: Open Source and Closed Source"
55.81457937462195,13.010273040007664,"Denmark","Dina Thorslund bokser Interim VM-kamp i Kolding"
56.58788456549722,12.755252632804577,"Denmark","Frankrig sender forstærkninger til Grønland"
55.32137558788749,11.802044898079105,"Denmark","Grønlands regeringsleder: Vigtigt med arbejdsgruppe"
39.39469278843409,-77.74648443006201,"USA","ChatGPT served as ""suicide coach"" in man&#039;s death, lawsuit alleges"
52.35489928828443,-0.7111381375773839,"UK","Renaming US defense department the Department of War could cost $125m"
51.222246301185194,0.040384402825906274,"UK","First Thing: Federal agent shoots man in Minneapolis as tensions in city run high"
51.8755847014701,0.22940184166477262,"UK","The FBI’s raid of journalist’s home was the product of decades of backsliding | Seth Stern and Chip "
38.242112342833586,-77.08156589563715,"USA","How do you prosecute another country’s president?"
39.585469752974085,-76.11001224709872,"USA","Senate Republicans derail effort to rebuke Trump on Venezuela"
38.14099117370661,-77.19166437134331,"USA","Why Trump doesn’t need to own Greenland to build Golden Dome"
38.69006793296964,-76.62836418667194,"USA","HHS terminates, then reinstates, thousands of grants for substance use, mental health"
39.79892676705827,-77.27132296859577,"USA","Congressional Black Caucus endorses former rival Rep. Adriano Espaillat over Black primary challenge"
39.55240699328683,-76.15221951221338,"USA","‘Why is Sherrill DOGE-ing New Jersey?’: Resignation letters to longtime government workers cause con"
38.67999216500759,-77.68152222910045,"USA","How a major DOE report hides the whole truth on climate change"
39.691253726419134,-76.92805573532226,"USA","Trump's flood-the-zone approach to unflattering news cycles has hit a new extreme"
39.52297550279756,-76.29795969453401,"USA","Latino voters powered Trump’s comeback. Now they’re turning on his economy."
38.41215036286397,-77.30100307527591,"USA","‘Uninvestable’: Trump pitch to oil execs yields no promises"
39.23045261104823,-77.94144253496404,"USA","My father gave his life for Iran—today&apos;s protesters are living his dream"
38.639617817548974,-77.34791305506076,"USA","Appeals judge seems skeptical of sentence for pro-Trump Colorado clerk Tina Peters"
39.335990022448144,-77.22673788825882,"USA","Instagram password reset surge: Protect your account"
38.3353844899915,-76.97613938283331,"USA","Obama wingman Eric Holder defended Walz&apos;s vetting — then Minnesota’s fraud scandal erupted"
55.687926999204414,12.858352174480341,"Denmark","Booming at Detroit: Trump Was Right, Powell Was Wrong"
56.45284402309997,12.901037979905492,"Denmark","Trump Says Iran Has Stopped Killings After Protests"
56.66783867690744,13.35400222999349,"Denmark","Dems See Path to Senate Majority, Answer to Their Critics"
54.90602034245712,13.109269981624376,"Denmark","Q&A: Why flies matter, their vital role in ecosystems, and surprising diversity"
54.74277986046085,12.261777130136508,"Denmark","Tyson Fury warned Daniel Dubois would wreck comeback with ‘phenomenal’ power"
55.56693311904402,13.307066022422712,"Denmark","Giants land Harbaugh; Dolphins miss out on top coaching candidate"
45.62456295268517,-75.89682523354459,"Canada","Alberta government to review Calgary&#8217;s water system after feeder main breaks"
55.04412997774735,12.204420656952784,"Denmark","Foreign minister won't say if China is still seen as a 'disruptive' force in the world"
56.22427998701324,11.59297558489525,"Denmark","Shonda Rhimes’ Daughters Make Rare Appearance at Bridgerton Premiere"
55.62492301532061,13.056865070185427,"Denmark","PM Modi Inaugurates 28th CSPOC, Addresses MPs on Strengthening Parliamentary Democracy"
29.41457022820678,77.2958237317947,"India","Kerala School Kalolsavam 2026: In the land of Poorams, young performers come up with riveting perfor"
28.079233110603674,77.9985125448163,"India","J&K Government names nodal officer for safety of students in Iran"
27.702867094096902,77.90959979365695,"India","‘Serious indictment’ of Mamata: BJP over Supreme Court observation on ED plea in I-PAC raid caseami"
56.034150175334524,12.211656673488834,"Denmark","After Two Warnings, Centre Now Prepares To Evacuate Indians From Iran"
55.60137254272146,13.550697358293256,"Denmark","Who are Ursula von der Leyen and Antonio Costa? Top EU leaders to be chief guests at Republic Day Pa"
56.390264044353124,11.606023888689425,"Denmark","'I was numb, worked hard...': RCB star breaks silence on T20 World Cup snub, reveals emotional strug"
55.90202736336674,12.99521385718349,"Denmark","Chandrababu Naidu Calls For Reducing Economic Inequalities"
55.49569439399285,11.652514483985483,"Denmark","India’s Unemployment Rate Remains Largely Stable In December"
54.69856789042049,13.523504311749655,"Denmark","India Diversifies Export Markets Beyond US Amid Tariff Pressures: Report"
54.78190748181484,11.668226781548569,"Denmark","Budget 2026: Why 1973–74 Union Budget Was Called The ‘Black Budget’"
55.54820302784591,12.192467558942884,"Denmark","Iran protests LIVE: Iran will defend itself against any foreign threat, says Foreign Minister to Sau"
55.204017188343975,13.292159580153935,"Denmark","Maharashtra civic elections LIVE: Poll body launches probe after ‘ink removing’ videos spark concern"
54.94354759817658,12.683089669195956,"Denmark","US Supreme Court tariff decision: Can a ruling against Trump trigger a rally in the Indian stock mar"
28.870981096558086,76.46723482663819,"India","UK’s youngest dementia patient dies at 24; doctors say he had the brain of a 70-year-old"
56.17212366292861,12.811412878932057,"Denmark","Henil Patel Runs Through USA, India U19 Off To Perfect World Cup Start"
28.989772797718082,76.79869228244533,"India","AR Rahman on losing work: 'Non-creatives' are running Bollywood now"
55.017737278069276,13.231889483076355,"Denmark","Border 2 Trailer: Sunny Deol-Varun Dhawan starrer promises high-voltage action, netizens react, 'Awa"
55.92181279674653,12.267684305745249,"Denmark","Border 2 trailer packs a punch: Sunny Deol dominates with dialogues while Varun Dhawan, Ahan Shetty,"
52.21668843182885,-0.8445231592449339,"UK","European military personnel arrive in Greenland as Trump says US needs island"
51.05439371387905,0.31443699138103953,"UK","Greenland’s defence is ‘common concern’ for Nato, Danish PM says as European troops fly in"
51.797803494936254,0.8310697992090276,"UK","Hunt, scroll, strike gold: the best clothes and accessories to buy secondhand – and where to find th"
50.58405670607278,-0.2665276305264249,"UK","Robbie Butler says he will not stand to be next Ulster Unionist leader"
52.39252248525804,-0.0897139103846768,"UK","Delaying local elections slammed as 'disgraceful' in heated debate"
52.45481648243486,0.15547235699719308,"UK","Moment teenager launches bottle attack on 'paedophile' is shown to murder jury after 49-year-old 'wa"
51.74964852354048,0.16596224405617332,"UK","Robert Jenrick tipped as favourite to succeed Nigel Farage as Reform leader as odds slashed in wake "
52.19611381632338,0.13561232265942758,"UK","Robert Jenrick defecting would be a disaster for Tories – but there's one silver lining"
52.044122871653805,-0.730898900344951,"UK","Martin Lewis issues alert as unpaid carers warned 'don't trust'"
51.38065663209903,-0.8701555803129258,"UK","New Cold War Warning Issued As AI Unveils Chilling Era Of 'Great Power Politics' And Escalation"
50.756417121705326,0.684274034412656,"UK","Musk Offers Free Starlink in Iran, Where Using It Can Get Citizens Executed"
51.414847268374565,0.18967334729931673,"UK","Trump's Greenland Push Sparks Russia WW3 Warning as Europe Readies Troops"
51.00257252012454,-0.6933083283815514,"UK","Ryan Hurst is Kratos in Prime Video's 'God of War' — Now Fans Ask Who Will Play Atreus"
51.850467408744855,0.5700181819137556,"UK","Russia Warns Europe of Nuclear Punishment, Expels UK Diplomat in Escalating Crisis"
50.92265446587829,-1.05564680724172,"UK","Aston Villa close on Tammy Abraham return with £50m transfer sacrifice"
52.240776519397066,-0.23585459462431235,"UK","Manchester United: Michael Carrick facing selection dilemma as double boost confirmed before Man Cit"
56.02279942894414,12.28017062986065,"Denmark","Neville names three candidates to replace Carrick at Man Utd next season"
55.22057138060689,12.39271825391748,"Denmark","Making Funny &#8216;Fallout 4&#8217; Mods Is Way Better Than Making &#8216;Good&#8217; Fallout 4 Mod"
51.36230928790331,-0.22679306317811598,"UK","Vicky Pattison reveals her Strictly Come Dancing tour routines as she, La Voix and George Clarke are"
51.92230289103408,0.18152996488633233,"UK","Kiefer Sutherland told rideshare driver to pull over or 'I'll kill you' before alleged assault in Ho"
52.02180358477244,-0.7457561919675803,"UK","In Our Time review – the first Melvyn Bragg-less show will have made BBC management clench buttocks"
51.79682263577781,0.15632287796808242,"UK","Doctors say I'm one of a handful of people to beat chronic fatigue syndrome. My 20s were overwhelmin"
50.584754962236325,0.5590345709606152,"UK","Evil granny rapist unmasked: Horrifying new details emerge about tradie who attacked a 75-year-old w"
52.43632964923647,-0.34537511534846,"UK","For decades I've battled eczema on my face. I tried everything to fix it and nothing worked... until"
38.00404601663422,-76.53798329780666,"USA","Congress and telemarketers rank at the bottom on ethics: Gallup"
37.9521075238663,-76.53897193276883,"USA","A new era for Canada-China relations? Prime Minister Carney signals change in Beijing"
38.352369689408796,-77.86505108450172,"USA","Jealous girlfriend allegedly threw 25-pound weight at romantic rival&#8217;s head in wild attack at "
54.81599163193336,12.415883946201795,"Denmark","Ro-Mina Ustayev Understands Why Viewers Are Calling &#8216;Members Only: Palm Beach&#8217; &#8220;MA"
56.19102608094771,11.92866034102358,"Denmark","Police shoot knife-wielding man at Hong Kong mall, later dies in hospital"
55.39547334555748,12.583142578138863,"Denmark","Poland will not send soldiers to Greenland, Polish PM says - Reuters"
-16.581062414165533,-48.253271991353216,"Brazil","Alckmin espera que acordo UE-Mercosul entre em vigor no 2� semestre e v� tratado com Emirados �rabes"
-16.414563103044724,-47.47943489409021,"Brazil","Partido Miss�o aciona PGR contra governadora de PE ap�s encontrar documentos de fac��o em pres�dio"
-15.843971772675749,-48.74922315234581,"Brazil","Trump diz que Zelenski, n�o Putin, est� impedindo um acordo de paz na Ucr�nia"
-15.94380119720722,-48.60452917724179,"Brazil","Candidatura em 2026 n�o est� nos meus planos, diz Haddad sobre sa�da da Fazenda"
55.68964279301571,12.057833406806587,"Denmark","Rio de Janeiro Culture-First City Brief for January 15, 2026"
44.485064362362856,-75.67020060759235,"Canada","Avian flu was the cause of death for 2 whooping cranes in Saskatchewan"
56.30106425034013,12.407756670621357,"Denmark","Fluid Quip Technologies Expands Deployment of Low Energy Distillation™ Technology at United Ethanol"
55.69582936035431,12.811205565524187,"Denmark","Varicent Appoints Dana Therrien to Advance Commercial Transformation and Revenue Performance Leaders"
55.16790195832766,13.338491092086983,"Denmark","Iran further extends order closing its airspace to commercial aircraft"
52.608763080022555,13.304134785464456,"Germany","Tarifverhandlungen: Erneuter Warnstreik im öffentlichen Dienst"
53.035183263336194,13.724465071783069,"Germany","Geplante Kita-Reform: ""Warnsignal mit Blaulicht"": Scharfe Kritik an Kita-Plänen"
51.718986158508756,14.406865822588244,"Germany","Was die Regierung beim Thema Bürgergeld plant"
40.48113013736564,-3.7821673747199407,"Spain","CONFIRMED: Spain hosted record 97 million foreign tourists in 2025"
40.22005254294134,-3.2465124462771495,"Spain","La Fiscalía Antidroga pide que no se admita la querella de Hazte Oír contra Zapatero por narcotráfic"
40.92646879960699,-2.9958293846080633,"Spain","Ayuso mantiene su defensa de Julio Iglesias después de que Feijóo pidiera investigarlo: “No nos pres"
40.74466516258593,-4.5144969026026995,"Spain","La Fiscalía pide rechazar la querella de HazteOír contra Zapatero por narcotráfico y blanqueo"
48.20400285987121,2.985477761627298,"France","Is the bandhgala jacket a relic of colonialism or inherently Indian?"
48.236759243571655,1.8537039826561297,"France","Donald Trump softens rhetoric on intervention after anti-government protests"
52.01745527511949,0.31958859030626463,"UK","Heartbreak as royal dies aged 83 after difficult health battle"
51.872237176994766,-0.37285782199938045,"UK","Keir Starmer breaks his silence on Robert Jenrick 'defection' to Reform"
39.55671005353472,116.73381429163064,"China","Chinese firms to incur higher costs for deploying advanced AI chips from US: analysts"
39.82929209049195,116.79206062108138,"China","China and Canada at ‘new starting point’ as Mark Carney breaks ice with state visit"
39.16156351496517,116.79070347076349,"China","Kremlin warns Ukraine running out of time to accept peace terms as winter crisis deepens"
40.507416718062814,116.98533017832588,"China","China targets wealthy influencers with audits, fines as fiscal pressures rise"
55.36525226497728,12.726560668081985,"Denmark","Aktivitas IPO Asia Naik Tajam, Indonesia Diprediksi Sepi di Awal 2026"
55.2787538240147,13.530719140542736,"Denmark","Kisah Sraddha Sala Selamatkan Naskah Kuno Jawa dan Menjaga Warisan Leluhur dari Desa"
55.75195097155187,13.10467386191688,"Denmark","King Abdi dan Rombongan Chef Masak Puluhan Ribu Porsi Makanan untuk Korban Banjir di Aceh Tamiang"
55.71725118330115,13.509388685428071,"Denmark","Troy Parrott gives honest assessment of his post-Budapest form as Ireland star hails ‘best feeling’"
56.652540975101786,12.484621697111365,"Denmark","Freddie Mercury’s ‘secret’ daughter dies aged 48 after battle with rare cancer"
28.939024824733366,77.10224879185513,"India","Top news of the day: Four ISS astronauts splash down on Earth after first-ever medical evacuation; U"
27.9243884987431,76.77341840521375,"India","Live: BJP–Shiv Sena sweep with at least 131 wards, exit polls predict"
28.228343158647228,77.43968163561723,"India","Government to begin evacuating Indians from protest-hit Iran tomorrow"
28.847227510773592,76.81432965902829,"India","Navi Mumbai Civic Election 2026: Polling Marred By Chaos, MCC Violation Allegations And Voter Confus"
28.368089946636275,77.54588302757418,"India","Pune Villagers Put Up Banners Warning Against Double Voting After Raj Thackeray’s ‘Beat Them Up’ Cal"
28.534449620430447,77.76165889320332,"India","Bhairav Battalions Unveiled On 78th Indian Army Day: Here&apos;s To Know Everything About India&apos"
27.921669252041614,77.5030832551636,"India","Mumbai BMC Elections 2026: Postal Ballot Boxes To Be Opened Only On Counting Day, Clarifies Civic Bo"
29.48933026525801,76.57949359837168,"India","Have You Cast Your Vote? From &apos;Free Fries At McDonald&apos;s To Mega Offers At Restaurants&apos"
27.875393732342772,77.46032918036306,"India","I-PAC row: SC stays FIRs against ED officials; issues notice to Mamata Banerjee, Bengal police"
55.95561596288251,12.000758286670383,"Denmark","Two killed in Police, hoodlums&#8217; two-hour gunbattle in Anambra"
56.32077431557545,13.256024951661837,"Denmark","Reflections on service, mentorship: Senator Barau’s visit to Media Office"
56.270828849392146,13.271880162322915,"Denmark","APC e-registration gains momentum in Enugu as Ugwuanyi, Nnamani rally support for Tinubu, Mbah"
55.45706228290387,11.919184652862207,"Denmark","Reality star Adekunle blasts referee, says Nigeria was robbed"
55.88671006077301,13.114353354178059,"Denmark","Tinubu okays carbon market framework, eyes $3bn yearly inflow by 2030"
56.105785520434765,13.242458802576866,"Denmark","Agbarapo faults APC over early 2027 campaigns in Oyo"
56.428104273642916,11.677618812546902,"Denmark","Youth, women leadership key to securing future of APC, says Rinsola Abiola"
56.35100668688523,12.189451187026144,"Denmark","NPFL: Barau unveil six new players for second stanza"
54.731612045800844,12.550133582503932,"Denmark","Lassa fever claims 215 Nigerians in 2025 – NCDC"
56.18481310488697,12.539649026283536,"Denmark","Abia Senior Citizens Centre not created to share free money &#8211; Govt"
56.60616851073461,12.701843114685527,"Denmark","Shettima, Akpabio release pigeons at Armed Forces Remembrance Day ceremony (VIDEO)"
54.68450191553403,12.035804021734691,"Denmark","Buhari never missed any Armed Forces Remembrance Day – Bashir Ahmad replies Abati"
55.475966236789674,12.749398246618425,"Denmark","Uganda election: Don’t waste your votes, Museveni will win, his son will succeed him &#8211; Preside"
55.5620580280863,12.51751349031024,"Denmark","&#8216;Fake news&#8217; &#8211; Nigerian Govt speaks on suspension of tax laws"
54.767793114200664,13.216928460084002,"Denmark","ASUU commends federal govt on new agreement, raises concerns over implementation"
55.023930711939784,12.949034592126763,"Denmark","Awujale Stool: KWAM 1 petitions Ogun govt over alleged exclusion, threatens legal action"
56.10793182496066,13.526801172557708,"Denmark","2027: Kwankwaso gives fresh conditions for rejoining APC"
56.44931063716959,13.464328097325048,"Denmark","Court refuses to issue arrest warrant for Ganduje over port ownership scandal"
55.671313083922286,12.14249039957635,"Denmark","FG–ASUU Agreement: Professors To Get ₦140,000 Monthly Allowance  -  Education Minister"
55.15135234991345,13.523239812580734,"Denmark","AFCON 2025: FG Hails Super Eagles, Says Nigerians Are Proud Of You"
55.1576120143525,12.26389978045533,"Denmark","FG Directs Banks, Fintechs To Remit VAT On Service Fees"
55.03709864671862,13.119376177794592,"Denmark","FG Hires Lobbying Firm For $9m To ‘Communicate Christian Protection Efforts’ To US"
55.46733123758748,12.620277267559485,"Denmark","“God Gave Me Specific Instructions Not To Collect Offerings” — Isaac Oyedepo"
55.32187233196787,12.18153783835866,"Denmark","&#8220;Tax Without Trust Is Robbery&#8221; &#8211; Peter Obi Tells FG"
55.31376720011466,11.95164953841073,"Denmark","NANS lauds FG, ASUU over landmark agreement on tertiary education"
55.08011032199363,13.292919433754822,"Denmark","Taraba gov launches APC digital membership registration"
54.866804049033654,12.760717774475095,"Denmark","Why Southeast will back Tinubu&#8217;s re-election bid &#8211; Ex-gov Chime"
56.47755292235564,12.23580681062739,"Denmark","Yobe govt employs 2,500 health workers, upgrades five hospitals"
56.674171452178385,12.693755490113688,"Denmark","Gov Ododo orders demolition of criminal hideouts in Kogi"
56.273323882101856,13.104335255855839,"Denmark","Court mulls deregistration of ADC, four other parties over alleged infractions"
55.014368502122764,13.341442901428088,"Denmark","Siomai King is Best Foodcart Franchising of Year at Asia Leaders Awards"
54.98288074790811,12.560620786988594,"Denmark","PBA Finals MVP trophy now named after Ramon Fernandez"
55.44074390989471,12.636482446326857,"Denmark","Anne Jakrajutatip's JKN18 digital TV to cease operations on Jan. 26"
56.1363902202389,12.864322869990652,"Denmark","All aboard: Lance Gokongwei spotted flying with Philippine Airlines"
56.32560051019964,12.731245081270874,"Denmark","Japan, Philippines sign new security pacts as regional tensions rise"
56.09845082078107,12.810956008419117,"Denmark","What’s new: Beauty and wellness brands kick off 2026 with new launches"
54.966982074276906,12.079498353447521,"Denmark","US to suspend immigrant visa processing for 75 nations"
55.91359846362415,12.903812108654522,"Denmark","'Armed and dangerous': Atong Ang named 'most wanted' with P10-M reward"
56.631437427271216,11.788835904670647,"Denmark","4 ex-DPWH officials, contractor now state witnesses — DOJ"
55.821605012038965,13.184143908718003,"Denmark","Doctors, lawyers file plunder, graft complaints vs Recto"
54.85418629952514,13.289489102076018,"Denmark","Signal No. 1 up over 12 areas as ‘Ada’ moves to Surigao"
55.81239895344359,12.50744583157406,"Denmark","Philippines spared from US suspension of immigrant visas"
55.08236945874107,13.179407077076881,"Denmark","Eala faces ‘fastest server’ Alycia Parks of US in Round One of AO"
56.6065890224919,13.552396070977515,"Denmark","PBA Press Corps to award Ramon Fernandez Trophy to Philippine Cup Finals MVP"
54.78086441766353,13.059506319159258,"Denmark","Hostility on NBA elite"
54.915118788059516,12.007663935785006,"Denmark","Marcos expects surge in large-scale data center investments after UAE talks"
55.65316988795421,12.427840099692531,"Denmark","Binaliw landslide: EcoWaste Coalition urges 'people-centered"" waste solutions"
54.92521066084879,13.206867198315491,"Denmark","BBM and Sara Duterte: Cabinet Rumors, Dual Impeachment &#038; Economic Risks"
56.029939199329654,12.723971179372075,"Denmark","When Sovereignty becomes Negotiable: Neo-American Imperialism and the Philippine Dilemma"
54.859010668385004,12.72532281132387,"Denmark","Filing Impeachment Cases Against PBBM and VP Sara Duterte: A Democratic Stress Test for the Philippi"
55.06484280211028,12.604318244811434,"Denmark","Rising Rice Prices, Health Warnings, and Political Unrest Signal a Critical Year for the Philippines"
56.29478149480353,13.252164100481272,"Denmark","Developing story: Six wounded in stabbing attack in Israel, police say"
54.777884436514405,13.130378101116964,"Denmark","Magnitude 5.6 earthquake strikes Argentina&#8217;s Mendoza region, EMSC says"
56.293165621883375,13.565122662419462,"Denmark","Bolivia&#8217;s Morales says vehicle fired upon as political tensions rise"
56.383373651093535,13.306700291876947,"Denmark","What&#8217;s different with the Redmi Note 15 Pro+"
55.3758943282626,12.979975099513567,"Denmark","Redmi Note 15 Pro+ Review: Two steps forward, one step back"
55.5511873320077,13.516891101815123,"Denmark","Redmi Note 15 series starts at Php 8,999"
55.04330979334911,12.333161113589341,"Denmark","Nothing CEO says prices for its phones may rise &#8220;up to 30%&#8221;"
55.93192902895194,11.739987637848664,"Denmark","CIDG ikakalaboso ang haharang sa pag-aresto kay Atong Ang"
56.62002158724436,12.087892524464467,"Denmark","POCO M8 Pro 5G and M8 5G, Officially Launched in the Philippines"
55.19511716467182,12.617903185261566,"Denmark","Mobvoi TicNote, Officially Launched in the Philippines: Agentic AI Recorder Priced at PHP 9,499"
55.99300316738984,12.767502068674645,"Denmark","Antigravity A1, Officially Launched in the Philippines: Price Starts at PHP 84,990"
56.57816135506101,13.518537009625627,"Denmark","Toyota bZ4X, Officially Launched in the Philippines: Why This New BEV Feels Like the Start of a Bigg"
54.87804455598514,12.403957801163678,"Denmark","Smart Infinity x SMEG: Holiday Rewards That Redefine Luxury Living"
55.91912571136755,13.50552208282837,"Denmark","Can Pakistan afford regime change in Iran?"
55.44259995318946,11.90163636579622,"Denmark","European buyers roll out Pakistani carpets after US tariffs on India"
56.43838724802133,11.881501485059019,"Denmark","Help is on its way, Trump  urges Iranians to keep protesting"
56.47261091698469,12.444522609036769,"Denmark","Centre hits out at KP CM Afridi for sympathising with Afghan Taliban"
55.88187546622524,13.409872387848552,"Denmark","PM says committed to IT edu, empowerment of youth"
55.45160860651868,12.116013784272436,"Denmark","Bride, groom among 8 die  in Islamabad gas explosion"
54.86450979956018,12.829131658206842,"Denmark","PTI extended olive branch to TTP terrorists, says Tarar"
55.25614684015532,11.792825754499093,"Denmark","Iran shuts off internet as protests blaze across country"
54.852096076645914,12.496742907719767,"Denmark","China offers AI technology to Pakistan"
56.38287964171788,12.597175957281019,"Denmark","Power companies will be privatised in two phases, PM told"
56.59907708268641,13.546361880222717,"Denmark","Maduro pleads not guilty in US court, says I’m still president"
56.107709281335715,13.39980480831404,"Denmark","Pakistan, China vow closer coordination at 7th Strategic Dialogue"
55.16012575692261,11.668002161630456,"Denmark","Cancer treatment a noble mission, says PM at KINOR launch"
55.08055775896675,12.799432495835612,"Denmark","Pakistan rejects Israel’s Somaliland recognition"
55.100843507880214,12.273118787611514,"Denmark","Pakistan punctured India’s claim of being net security provider in region: Dar"
55.728856953512754,12.156429734421314,"Denmark","27th Amendment empowers FCC to hear all constitutional cases: minister"
56.54744407037938,13.008802030121926,"Denmark","In meeting with EU Council president, Dar discuss economic ties, GSP+"
56.311611235419015,12.362489541237748,"Denmark","No Deposit Slots Casino"
52.110964463037405,21.39622203922043,"Poland","Rozmowy w USA ws. Grenlandii. Duńskie media: Brak katastrofy"
51.75231920088506,21.303660720934772,"Poland","Ambasadorski impas. Przydacz do Sikorskiego: Bez precedensu"
52.39974984385832,20.7717514894154,"Poland","Jabłoński: Stefan ""Mercosur"" Krajewski do dymisji!"
52.44023999044724,21.877652673650665,"Poland","Minister Motyka niestety po raz kolejny minął się z prawdą"
52.38403530590012,21.776597657143206,"Poland","Ile niedźwiedzi żyje w Polsce? Ich liczba... jest zagadką"
52.24155971067152,20.385339108920288,"Poland","""Nie torturowaliśmy"" — lubił podkreślać szpieg bez twarzy. Jego agenci niszczyli inaczej"
53.225221449131,21.703116687064014,"Poland","Prezes spółki będzie miał większe szanse na obronę przed fiskusem. MF chce zmienić przepisy"
51.57014369204899,21.398826194178127,"Poland","Jaka powinna być masa długich zestawów?"
52.22458668102321,20.248373711737777,"Poland","Nowy zjazd na obwodnicy Krakowa otwarty"
52.777899402606096,20.673143527006832,"Poland","Sikorski punktuje Nawrockiego. ""Doceńmy lojalność wobec swoich sponsorów"""
55.340199826820964,11.951195113686982,"Denmark","‘Collusion’ Claims Backfire on Democrats Threefold, but Russia Is More Evil Than Ever - George James"
54.97931146094727,12.990251283147407,"Denmark","Clinton Russian Uranium Scandal - All the Usual Signs of the Clinton Method - The Z Man"
55.27983369638959,12.211945521487902,"Denmark","RT: Twitter Pitched Us a Massively Expensive Ad Campaign to Leave a Mark on US Election but We Decli"
55.91463246139888,37.95151684287802,"Russia","Former PM Timoshenko says Ukraine governed from abroad"
55.0474903952824,37.819286482417496,"Russia","Stocks enter positive territory amid Kremlin statement on Witkoff, Kushner&#039;s visit"
55.76532203715009,38.41680609406905,"Russia","Today’s Ukraine is Zelensky-led corruption hub — ex-PM"
55.920470472509145,38.387186540429596,"Russia","Serbian, Hungary to clinch energy cooperation deal — Minister"
55.99965690292346,36.91705604408775,"Russia","Palestinian president to visit Moscow on January 21-22, hold talks with Putin — embassy"
56.72333915358291,37.35293173369722,"Russia","Blast at Russian Police Training Center Injures 9 in Republic of Komi"
55.31226537602341,38.53748522041687,"Russia","Russia Orders Expulsion of British Diplomat Accused of Espionage"
56.434907778985455,38.213172290356155,"Russia","Poland Accuses Russia of Launching Major Cyberattack on Energy Grid"
55.01460415808131,38.015492637428935,"Russia","Regions Reintroduce Huge Sign-On Bonuses for Contract Soldiers After Lowering Payments in 2025"
56.37823329065856,36.94874711571492,"Russia","Ukrainian Drone Strikes on Southern Russia Kill 3"
54.805438055117,36.93425548390805,"Russia","Putin to Deliver Major Foreign Policy Speech to Ambassadors in Kremlin"
55.84156720511649,38.323535191963686,"Russia","US Carrier Strike Group Moves Toward Middle East Amid Iran Tensions"
56.717544009133455,37.861964755947696,"Russia","Kremlin Agrees With Trump: Zelensky Slowing Ukraine Conflict Settlement"
55.213798858908504,36.84803109313433,"Russia","Former Russian Deputy Labor Minister Found Dead in Moscow"
56.22645345964736,38.274186357949866,"Russia","Astronomers Track Asteroid CE2XZW2 With Potential Earth Impact"
56.21081086618575,37.218760640875495,"Russia","Europe Missed Greenland’s Resource Boom as US and China Move In"
56.4716227578593,37.592424249901136,"Russia","Russia Open to Dialogue With Witkoff and Kushner, Lavrov Says"
54.92320905684447,12.116152150904124,"Denmark","Hryvnia slightly strengthens to U.S. dollar on Sept 24"
55.58275124578463,12.744837738290144,"Denmark","Ukraine to become NATO member state with help of Membership Action Plan – Summit communique"
55.21269830510283,13.234364583120676,"Denmark","Zelensky asks U.S. for clarity on NATO MAP – media"
56.150778745965184,11.996616519518438,"Denmark","Education minister: Best lecturers at President's University in Ukraine to be paid at least US$4,000"
39.436544396033106,-77.70881207346878,"USA","Adelaide Writers Week Canceled As 180 Speakers Withdraw Over Palestinian Writer's Exclusion"
38.98993039028247,-77.10359318808624,"USA","Trump Says Iran Wants To Negotiate As The Death Toll In Protests Rises To At Least 646"
38.41399653924508,-77.04435226279674,"USA","Federal Agent Shoots Man in Minneapolis, Prompting Tense Protests"
38.90006216645795,-76.40404700755526,"USA","Woman Killed by ICE Agent Seemed at Fault, N.Y. Republican Says"
38.071328370033264,-76.24813461968185,"USA","Trump Signs Bill Allowing Schools to Serve Whole Milk Again"
39.86231032498068,-77.08392447686579,"USA","Iran appears to reopen airspace after Trump says killing is &apos;stopping&apos;"
38.37206324071344,-77.77879542258792,"USA","Palestinians Stream Back to Northern Gaza on Foot"
39.863475680271854,-77.24480662588482,"USA","Suspected Sabotage of Deep-Sea Cable Triggers First NATO-Led Response"
38.05335692207263,-76.93708209478152,"USA","Cocaine-Funded Gangs Shake Colombia Years After Peace Pact"
39.507881146723584,-76.80210811867906,"USA","Kim Jong Un Is Doing Everything He Can to Keep North Korea's Youth in Line"
38.898814385752644,-76.0705096826554,"USA","Hamas Releases Four Female Israeli Soldiers Under Gaza Cease-Fire Deal"
38.262780255901056,-77.33815660823899,"USA","Who Are the Israeli Hostages Released by Hamas?"
39.16722737173688,-77.38678967996081,"USA","Beijing Signals Readiness to Talk to Trump's Team, Even Old Foes"
39.62429375081703,-77.40032942050516,"USA","Video shows moment of deadly explosion at cafe in Russia"
38.27220970070402,-77.62869116484922,"USA","'Scary, cold, hungry and lonely': Volunteer soldier shares experience on front line"
38.68335988453356,-76.46153892394054,"USA","French minister under fire for Playboy magazine cover"
39.68795892985955,-76.63232601989635,"USA","Britain's pound is beating every other major currency this year"
41.033932651784156,13.069263083714132,"Italy","Hundreds of millions at risk from Chinese shopping app malware"
56.18011088883512,12.040728684794905,"Denmark","Former interim Venezuelan President Juan Guiadó says the nation's current situation is ""Maduro-made"
54.85841432484166,13.17277769685975,"Denmark","Ukraine's new defense minister reveals scale of desertions as millions avoid the draft"
38.63457873423227,-77.26272635962681,"USA","Affordability … by way of regime change?"
54.7589352214517,11.690665344165028,"Denmark","Ramaphosa sends a warning to the ANC"
56.122668614684024,12.207421107210504,"Denmark","New state of disaster on the cards for South Africa"
55.26062973937276,13.542238041196175,"Denmark","Uganda shuts down internet ahead of pivotal election"
56.51742674911922,12.882025950010075,"Denmark","Tech execs join SEZ advisory board"
56.468551725621325,13.337111928375652,"Denmark","Work begins on what will be Africa&#8217;s biggest airport"
-25.516065929847336,27.825888858370067,"South Africa","News24 | UPDATE | ‘Not defeated, but hurt’ – Dion George on his resignation from DA"
-25.19555663091471,28.999548482312683,"South Africa","News24 | WATCH LIVE | Crime Intelligence head Dumisani Khumalo briefs Parliament’s ad hoc committee"
-25.80183330901902,27.70982614052816,"South Africa","News24 | Thursday’s weather: Warning of disruptive rain in Limpopo, Mpumalanga and KwaZulu-Natal"
-25.258581514284742,28.366902632038556,"South Africa","News24 | DA likens Iranian protests to Sharpeville Massacre, asks SA govt to pick a side"
55.72758040451808,12.41542596016128,"Denmark","DJ Warras murder case: Defence casts doubt on state&#8217;s &#8216;mysterious&#8217; video evidence"
54.873567263803935,12.112482660617864,"Denmark","VIP protection: Nearly R2.5bn projected to keep Ramaphosa and ministers safe"
55.47477339242955,13.211281592538285,"Denmark","Minister Creecy proposes total ban on drinking and driving after festive season claims 1 427 lives"
54.948368383837234,12.821393154618999,"Denmark","Political interference in Saps intensified after ANC&#8217;s 2007 Polokwane conference &#8211; Phahl"
-26.633965599648185,27.993733535196377,"South Africa","ANALYSIS: Naval-gazing — the SANDF, Iran and the potential threat to SA’s democracy"
-26.394423896704296,28.805555410890378,"South Africa","Canada's Carney hails improving China ties during landmark visit"
-25.66335215385256,29.055261475661133,"South Africa","Trump questions support for son of Iran's last Shah inside country"
-25.942919490298703,28.826745058051266,"South Africa","Celebrating Limpopo’s top matric achievers — a tale of resilience and hard work"
-25.759540133143467,29.10369589763082,"South Africa","Haiti drone operation strikes home of gang leader ‘Barbecue'"
-25.91765597393206,28.574908481723444,"South Africa","US launches Gaza plan's second phase, forms Palestinian committee"
-25.82412775112597,28.722705549068923,"South Africa","JUDICIARY: Strike Three: Mushtak Parker becomes third judge in democratic SA to face impeachment"
-26.38111362084335,28.38260512641319,"South Africa","AFRICAN GROWTH AND OPPORTUNITY ACT: US House backs Agoa extension, but SA’s continued participation "
56.257438710698445,12.823622041288699,"Denmark","Limpopo floods force road closures and Kruger shutdown"
55.870285431004156,13.37531355666411,"Denmark","Children locked out of classrooms: SAHRC warns Gauteng school delays breach Constitutional rights"
54.86571291169259,12.510096982305733,"Denmark","Trump's ambition to take Greenland 'remains intact', Danish PM says following White House meeting"
56.06753935512337,13.158690283321432,"Denmark","2025&#8217;s matric achievers: Where and what they will study next"
39.58898025428796,-76.14004070367949,"USA","Exclusive: Bipartisan plan in Congress aims to create U.S. reserve for critical minerals"
38.11007423278569,-76.80633776330443,"USA","""Performative bullsh*t"": Some Democrats fume as Kristi Noem impeachment gains steam"
38.012260231129225,-76.63901067530894,"USA","Trump's new push for lower rates"
39.24029056738632,-77.01586068902535,"USA","Trump's heavy hand tightens grip on U.S. economy"
56.266301300280475,13.260721884794185,"Denmark","AAA: Android Faithful is Your New Android Home! - With Jason Howell, Ron Richards, Huyen Tue Dao, an"
54.94693301022415,11.722938583692272,"Denmark","AAA 626: Bing Butts In - Android 14 Beta 1, Pixel Fold at IO, Bing Search for Samsung"
54.964482737829755,11.863676155086901,"Denmark","AAA 617: Inside Android 14 Dev Preview - Android 14 Developer Preview 1, Privacy Sandbox, Motorola, "
56.35122958945558,11.612038003007074,"Denmark","HMD teases new DUB series TWS earphones"
55.78553392491811,12.810354320150921,"Denmark","Trump to finally meet with Venezuela&#8217;s Nobel-winning opposition leader Maria Corina Machado"
56.11507853610712,13.546894338125965,"Denmark","Exclusive: Mytra raises $120 million Series C to scale supply chain robotics amid industry boom"
54.920403015631656,12.110312922471708,"Denmark","Turf Wars, Tree Men & Murder: Inside the world of Christmas tree selling in NYC"
56.360153739529785,12.129777220249784,"Denmark","What does winning a James Beard Award really mean for chefs?"
51.58517340147206,0.7388612292142022,"UK","Enter now: Autocar launches Great Women 2026 awards"
55.81253211078491,13.4328300593159,"Denmark","Premier Ford Warns Canada’s PM Not To Drop Chinese EV Tariffs During Beijing Visit"
56.66496234471157,12.69710702433485,"Denmark","Ford Built A Mustang GTD For The Rest Of Us"
55.38730047381519,13.482291822985117,"Denmark","Ashes SCG 5th Test: Day 5 Wrap - Bazball Embarrassed 4-1"
56.272211341023066,11.760320766836966,"Denmark","Khawaja’s Final Word - SCG Ashes Test Preview"
56.12538031013388,11.69811891848181,"Denmark","The Urn Before Christmas"
28.114990557004372,78.16665566130693,"India","Australia's Mitchell Starc Bags ICC Men's Player Of The Month Award For December"
56.529238952984585,12.9350035191969,"Denmark","Dub smash"
56.31512768154146,11.817713893908829,"Denmark","England Out Thought and Outplayed"
55.65381560723923,12.723774724102643,"Denmark","England succumb to Aussie heat"
56.22616789043845,13.134229397564186,"Denmark","Controversy in Adelaide"
55.58012490647205,11.754800070391177,"Denmark","SWANNSONG"
56.44838648951711,13.178866028556163,"Denmark","Ashes Daily: Why no spinner? Brook and Root put England in command after surprising Australia select"
56.269314435476346,12.992923729419092,"Denmark","Give Bethell the next 10 Tests & build an attack around Tongue?"
55.945707462380184,12.841754196758416,"Denmark","Fabrizio Romano provides Real Madrid manager search update"
56.51840535171739,12.25532326643075,"Denmark","MARCH 11 2020 (Re-air)"
55.610378388608176,13.454086327189412,"Denmark","Otto Preminger 1960-1979 (The Old Man is Still Alive, Part 7)"
54.889686425428515,11.80762701971382,"Denmark","Berlinale Series Market: Ken Burns ‘American Revolution’ and Ruben Östlund and Alonso Ruizpalacios T"
28.799182904122073,78.19029577280881,"India","Iran-US Tension LIVE: Iran Vows To Defend Itself Amid US Threats"
54.88913040594876,13.208998559168098,"Denmark","Trump is threatening to attack a country that produces three times more oil than Venezuela - CNN"
27.671152410569075,76.87604912592472,"India","Kai Cenat wins praise for openly learning new words on camera as fans applaud his growth journey"
29.404682911752897,76.44927990938618,"India","AI screening error in hiring: ICE sent untrained recruits into field roles- Here's what we know so f"
55.64138870724153,13.483941757121531,"Denmark","10 Tax Filing Errors Retirees Make During Early Preparation"
55.862665132521265,11.797340100816292,"Denmark","30 Photos That Show The Beauty Of Street Photography In Black And White"
56.31258298719608,11.722505843333206,"Denmark","The Great Seed Oil Panic"
54.99322286596326,11.726820341480142,"Denmark","The Quest for Climate-Ready Christmas Trees"
55.65966796288078,11.881269594941804,"Denmark","2025: The Year Science Was Shaken"
55.06652471479329,12.725450492586985,"Denmark","Scientific American Picks the Best Reads of the Year"
55.804854130113824,12.887671705705097,"Denmark","Everything You Know About Metabolism Is Wrong"
54.95324128679104,12.791107503507943,"Denmark","Bristol City sign Hungarian international keeper Brzykcy"
55.15510111554789,13.47982492725075,"Denmark","The Longest-Running Study of Child Development Says 7 Parenting Behaviors Lead to ‘Remarkable’ Outco"
56.625501373744,12.996330979800941,"Denmark","Coinbase CEO Brian Armstrong pulls support for Senate’s crypto market structure bill"
55.004373817133164,11.64539810863814,"Denmark","#167 America's Hottest Talkline"
55.185858034464225,12.99896270746602,"Denmark","What AI is actually doing to jobs in Europe"
56.40285155469522,12.33446796553675,"Denmark","Brendan Carr is a dummy"
55.39270725726872,13.382669712025939,"Denmark","Everything is gambling now"
54.90701303493125,12.252315977628935,"Denmark","How to vibe-write a country hit"